VIN,carYear,make,model
2LMDJ6JKXFB779626,2001,GMC,Yukon
1N6AA0CH5EN239280,2001,Land Rover,Discovery Series II
WAUDH78E68A961031,1994,Volkswagen,Eurovan
5J8TB4H53GL725746,2009,Mazda,CX-9
3TMJU4GN1FM636370,2007,Mercedes-Benz,SLR McLaren
1G6AZ5S39E0707400,1993,Dodge,Ram Wagon B150
1C4AJWAG5FL442991,2007,Jaguar,XJ
4T1BK1EB4FU157093,2008,Toyota,Sequoia
3D73Y4HL4BG663037,2011,Hyundai,Accent
3C6JD6CT6CG693262,2003,Audi,S6
WBAPM77569N263300,2004,Lexus,IS
5TDBKRFH4FS112889,2007,Audi,S6
1FTEX1CW5AF405693,2012,Mercedes-Benz,E-Class
2G4GS5EV8C9956388,2001,Chrysler,PT Cruiser
WBAPM7C53AA033568,2010,Honda,Pilot
3GYFNBE33CS475417,2012,Ford,Focus
1G6DC1E34E0582471,1990,Lexus,LS
WDDPK4HA0EF544540,2008,Lexus,RX Hybrid
3VW8S7AT9FM042913,1979,Chevrolet,LUV
JN1AJ0HP1CM792064,2000,Kia,Sportage
WBAEA53519C438929,1989,Lincoln,Continental Mark VII
JM3TB2MA8A0449036,2011,Land Rover,Range Rover Sport
1FTEX1CM7CF622700,1998,Chrysler,Concorde
1B3BD4FB4BN158782,1985,Chevrolet,Camaro
WAUPL58E54A299680,1998,Oldsmobile,88
JN8AF5MR9CT843615,2005,Mercedes-Benz,CL-Class
WBAKA4C55CC131297,2008,Mazda,CX-7
JN8AS1MU4CM456280,2013,Ford,Escape
19UUA8F74CA952081,2008,Cadillac,Escalade
1G6DW67V680032292,1988,Pontiac,Fiero
2T1BURHE7FC487407,1998,Toyota,Land Cruiser
1G4HP54K734480389,2010,Dodge,Dakota
2T2BK1BA2FC004706,2004,Chevrolet,Malibu
3GYFNAE32CS320075,1999,Cadillac,Seville
WA1YD54B32N523657,1997,Ford,F250
WVWBB7AJ3DW245610,1953,Chevrolet,Corvette
3VW1K7AJ2CM952706,2009,Land Rover,Range Rover
3VW4A7AT5DM948006,2006,Mercury,Mariner
KMHTC6AD9CU485806,1992,Ford,F250
WUARL48HX9K884579,1998,Toyota,Tacoma Xtra
3VWML7AJ3BM746495,2010,Land Rover,Range Rover Sport
3VWKP7AJ2EM900517,1993,Pontiac,LeMans
5GAKRCKD0DJ582165,1985,Lamborghini,Countach
JM1DE1HY4B0596462,1998,GMC,Suburban 2500
WAUHMBFC2EN325972,1998,Chevrolet,Express 2500
3GYFNBEY1AS757709,2008,Ford,F-Series
WAUFFAFL4EA698885,1991,Buick,Riviera
3D7JB1EP4AG236129,1998,Mercedes-Benz,SLK-Class
5N3ZA0NC4AN481157,2007,Mitsubishi,Outlander
JM3ER2W36A0443934,1997,Ford,Mustang
5J8TB4H56DL025151,2001,Ford,Mustang
3VWJP7AT4CM727724,2002,GMC,Envoy XL
2HNYD28458H899594,1989,Mercury,Tracer
1C3CDZBG1CN994461,1997,BMW,5 Series
WDDHF5KB8EA051797,2003,Dodge,Caravan
WBAEU33462K816063,1985,Chevrolet,Camaro
KMHTC6AD6CU318626,1996,Volkswagen,Passat
JTEBU5JR1D5268664,2011,Hyundai,Veracruz
2G4GX5GV9B9562234,1986,Toyota,MR2
1FTWW3B58AE167551,1993,Isuzu,Stylus
WAUVT58E84A481347,1994,Ford,Tempo
TRUTC28N261566377,2003,Infiniti,G35
WVWAN7AN8DE687441,2000,BMW,X5
2C3CDXDT5CH155176,2005,Toyota,Sienna
4T1BF1FKXDU912389,1989,Pontiac,Safari
WAUAFAFL0CA763674,2010,MINI,Cooper
1G6KE54Y01U779825,1989,Buick,Skylark
1FTWX3B53AE899969,1998,BMW,Z3
3N1CE2CP1FL729013,2011,Toyota,Corolla
5N1AA0NC9EN698795,2000,Mercedes-Benz,C-Class
2HNYD18956H878781,2000,Nissan,Pathfinder
JH4DC53805S272310,2001,GMC,Savana 1500
JTDZN3EU4D3472230,1993,Volkswagen,Jetta III
2T1KU4EEXCC981201,2006,Chevrolet,HHR
3GTU2YEJ6DG945581,1992,Oldsmobile,98
WA1YD64B02N918756,1989,Maserati,430
1G6DJ5E33D0476413,1999,Audi,A6
WA1CMAFE0BD964436,2012,Suzuki,SX4
19XFA1E37AE511391,1984,Mitsubishi,Mirage
JM1CR2W36A0478053,2003,Chevrolet,Cavalier
1D7RE5GK7BS108013,1985,Ford,LTD
1G6DV1EP5F0253065,1991,Mercury,Tracer
5N1AN0NW7EN823890,2010,Acura,TSX
1C6RD6FP4CS084858,2011,Dodge,Durango
3D73M3CL5BG708631,1993,Toyota,Land Cruiser
WAUFFAFL3DA123207,1996,Suzuki,
1FTEW1CW3AK273642,1989,Ford,Festiva
5TDBCRFH3FS975471,2012,Volvo,XC70
WP0AB2A98FS919958,1995,Ford,F250
WAUBF78E88A606181,1997,Dodge,Ram Van 3500
2HNYD18875H093717,1996,Acura,NSX
3VW507AT9FM262450,1999,Hyundai,Elantra
WBSBL93404P417742,2009,Saturn,Sky
1GT020CG1EF527262,1999,GMC,Jimmy
WBAVC53548A052994,2008,Dodge,Viper
5FRYD4H45GB022821,2012,Kia,Forte
SAJWA4EC8BM833947,2012,Honda,Pilot
JM1NC2EF4A0258769,1997,Chrysler,LHS
SCFAB01A06G190163,2012,Honda,Civic
5N1AZ2MH4FN986808,2007,Bentley,Continental Flying Spur
