phone,firstName,lastName,address
603-482-7926,Egan,Ackermann,23 Mccormick Junction
388-514-2624,Adina,Tanzer,0407 Sunfield Parkway
111-520-4287,Gisella,Goodings,0 Calypso Alley
609-791-7950,Adelbert,Mallard,83700 Schmedeman Pass
845-542-2625,Loreen,Oles,1 Coleman Alley
216-882-7225,Shirleen,Coyish,6462 Melvin Road
292-256-0426,Dacey,Moralee,71740 Katie Way
708-690-5043,Sabina,Hanlin,7 Northwestern Circle
687-614-0555,Kim,Medcraft,54725 Stuart Parkway
894-627-2265,Chantal,Tinto,303 Clove Place
948-822-6998,Clem,Bonde,9914 Parkside Trail
815-995-4603,Nannie,Plumstead,06 Mallory Pass
538-964-3680,Massimiliano,Gerrill,300 Lakewood Gardens Circle
183-906-0882,Lorene,Moynihan,7 Fair Oaks Street
895-871-1222,Egor,Engelmann,07905 Oakridge Avenue
242-371-0675,Balduin,Fullagar,6 Westerfield Lane
980-821-0026,Joyan,Waumsley,64 Talisman Court
123-569-3280,Novelia,Cervantes,5807 Miller Alley
155-857-0482,Stanfield,Kyteley,50020 Dawn Street
374-645-1230,Verina,Cleworth,99386 Swallow Street
