ID,firstName,lastName,yearsExperience
61-2473021,Meagan,Klimkov,25
51-3882240,Archibald,Tuxsell,39
86-6818272,Cointon,Kohrsen,40
58-8495005,Billye,Heard,22
26-7894975,Albertina,Bruckenthal,3
05-6552221,Sibyl,D'Ugo,4
27-5469994,Axel,McCheyne,32
07-3694763,Ximenes,Buckland,3
16-8973136,Judith,Hardison,4
50-4962948,Ursula,Whitfeld,26
87-1211113,Anatol,Ivanenko,16
93-8190858,Karon,Tucknott,12
24-3765053,Bianka,Stilliard,13
41-1530726,Lizzie,Carlisi,11
26-4843363,Elinore,MacDaid,28
16-8640493,Jemimah,Dumper,12
11-8120960,Dion,Pinks,9
34-6061239,Hailee,Tibbles,35
48-2341320,Cyndia,Truce,25
43-7889631,Hersch,Close,27
90-4968606,Jill,Woodhall,9
03-7367965,Misty,Prue,12
06-5149889,Ewen,Titt,22
68-3972538,Bevan,Cardew,40
03-1888992,Ainslee,O'Heyne,23
79-0019386,Clarine,Pattle,28
96-6267451,Curt,Bras,28
37-8104569,Christabel,Norris,17
46-4765310,Bobette,Rozenzweig,22
80-3060781,Itch,Huskinson,9
40-8493976,Isidore,Rubenchik,2
56-4364002,Osbert,Jolland,39
11-5443026,Chelsea,Abdon,39
42-5308323,Rowe,Fakeley,28
06-5233924,Seth,Loncaster,8
70-8912316,Genevra,McCurry,10
50-2330055,Merrick,Roggero,28
95-6152590,Electra,Kelby,30
99-5044961,Amory,McNickle,40
22-3730824,Jesselyn,Connick,25
96-4580809,Bronnie,Haycroft,13
21-2667539,Callida,Brealey,9
11-8068357,Arvie,Gandley,33
45-4689092,Ashleigh,Paynter,21
15-0394205,Fransisco,Godbehere,36
24-0662373,Leonid,Hanshaw,21
70-6338114,Jayme,Asplen,8
92-5554047,Zach,Peacocke,9
45-8074695,Marcelle,Oxborough,28
96-7426472,Zola,Dymock,1
44-1558864,Nissy,Ege,37
37-9233923,Helga,Everwin,34
57-8197456,Garnet,Hudleston,38
35-0080780,Stavros,Silverthorn,23
76-9189541,Meredith,Willars,8
39-6036728,Olive,Humbatch,34
80-2859082,Adrian,Dobbing,19
56-4627750,Bonita,Shoemark,7
14-2533458,Mina,Novakovic,11
56-5804704,Fidelia,Blunsen,10
32-4546767,Jamesy,Broggio,28
83-5887044,Debby,Gergely,15
01-2263108,Evelina,Rosenstengel,16
37-8690104,Alecia,Olech,22
09-1230135,Wilow,Durnall,40
27-1659163,Marketa,Danjoie,33
10-7566261,Dar,Kirwan,19
89-0666543,Meriel,Dales,10
92-3535352,Colby,O'Sirin,18
66-5381547,Marin,Goburn,35
22-8119054,Ingrim,Drinkel,8
96-6057562,Mar,Lilley,19
51-7404445,Forrest,Conen,32
61-8521680,Shelton,Blastock,8
13-7354519,Justin,MacFadin,
44-4500433,Waneta,Lesek,39
82-7011318,Shina,Ledram,26
42-0956572,Lonny,Shafto,34
59-3973895,Meier,Le Gassick,13
29-2463009,Lawry,Danielian,33
19-5257799,Joyce,Handasyde,26
52-6671025,Aurora,Jaukovic,28
37-4664184,Reg,Trudgian,21
02-5507178,Mariana,Leppard,1
19-9684445,Cointon,Churly,10
49-0118314,Bobbye,Burner,12
05-7273446,Torrey,Rosenbarg,12
27-1058779,Colet,Erratt,27
39-5296174,Pepe,Aucutt,15
09-2921545,Haywood,Clapson,23
18-3331527,Lancelot,Grindley,9
94-3065681,Kelly,Birchall,24
54-4346395,Ben,Brookwood,7
18-5555538,Cornelius,Labrom,30
79-0476017,Rosabella,Savil,1
59-9348709,Cristi,Guillotin,12
33-4383250,Oren,Gasson,22
48-6645525,Gussy,Tumilson,29
66-6944266,Georgine,Hennemann,35
97-1166798,Paten,Newdick,5
