odometer,dateIn,dateOut,comments,bill,isOpen
94988,7/28/2021,2/3/2023,kxpvbvoabrilxmdjciwkqxxdrobgiauzetldxfkjkr,2607.26,false
143429,4/12/2023,7/29/2024,mpobqxmrfmkhlpoytbtlhsjvkbnarqdfkvdmzcfhlc,19720.03,true
162143,2/6/2026,4/24/2024,wxwdueonsqcenrwijhqxwzjwwkvmhyzrymgjqzayxx,14746.04,false
75122,10/6/2023,2/10/2023,msdncdhfntobiwlpphbsegoswzqyyqiajevedtkgeq,5054.09,true
232573,10/19/2020,2/10/2025,jinhccwallecbsbnujqyxrnoturjeqbnrkljzfxdcp,15307.46,false
231710,6/21/2023,3/1/2025,xmbxxzvuihsifnzfdlwhsekovaahzezgvwjnlmgufu,11360.16,true
65150,9/29/2024,7/3/2022,umftwrhjrczbdckyumtdhxjeznbawsvofinxggobgm,13622.31,true
198630,9/11/2025,9/29/2025,hydqsrcnzijyxbtonfbaopuhefownqmbtcitudzlgi,1355.21,true
103472,3/30/2025,3/21/2023,mnjmazemlxwdtaozjbiuhlmqjqxiwdsdxogrmevjrt,5561.82,false
18614,10/14/2021,10/26/2022,jqkkgfraqomupkaigisxxhqcdoemvschklffevvxaj,7481.41,true
20371,6/7/2024,5/2/2024,xijdcwhxobxawmgzasqgugxvxgsbwqapgfybqbwgji,12676.42,false
97167,9/19/2024,3/3/2023,jgdwprykchnijbvyifwbbnysobdicsabqohrmmlhwl,10002.02,false
151489,2/5/2021,8/22/2022,hbemczootqmebrsjdldhrscgshpljtwqxujugeqppf,9068.36,true
154267,10/29/2025,11/21/2024,iaaqwvsjykrbxkussocsgsoueocagckcdqzhilfycz,9983.11,true
91894,5/29/2021,5/13/2024,ywseeiigmqeabditdicsxyhuvvaudsgrccgkqumjyh,15576.57,false
225653,12/26/2021,7/22/2025,ijtmoysmvqjzxowgcxskgpdfekoepmalafyzoeedbl,293.45,false
157040,11/26/2022,6/15/2025,nddujgbddjyqlgyfpghtotgsqcrtwkoyprnhiubepo,18811.6,true
239890,3/5/2024,12/17/2025,yhujqbsobggctjsbkpknnytihljhxovfyatsrcslpy,5609.61,true
148303,9/30/2023,1/15/2023,ttbfvrbyqtuooyocpoenjrnjxuziamohjsnwaogllj,9965.51,false
73817,10/25/2023,8/30/2025,ypwfmrsqbijijxvvvrnrutyspqwdlmmyruaxlmgqjm,7076.15,false
62720,12/20/2020,6/16/2022,jlxugxrgpykbqftbfnmpjifaesbcqnceqaiiyyfucn,1888.65,false
199391,6/1/2020,2/20/2023,oiilobtatgxgtteuniersaqerwhmancpajsmkrstkw,16498.43,true
54139,6/26/2020,9/13/2024,ewnanhgvsldmvasdietqcsaurygynbolsnzldjbqkj,14326.35,false
62701,7/12/2025,6/3/2024,cbcyojcenusmcrrrxteipqgvzyuvkhbegadvtlqwfq,17397.51,false
254194,1/27/2025,4/8/2023,hznkfbugjejwwmegrhfedbdnyuhxesruwnkftozvwn,12514.17,true
229014,4/30/2020,3/13/2025,xsfxcuqknedmarcqcrqkbtbwdbymyozwtwgkbnxfnl,9409.1,false
6137,4/2/2021,1/8/2025,oickwiqehctdqrekufznjlojhifonqsnogmlauubai,4372.2,true
40979,12/18/2020,12/30/2024,efnkiemmjrxijimrbihztnizdeamkngvhjgkcfhwxj,3996.85,false
73463,4/29/2021,10/20/2025,vlvzkrwqrrvabuosgtyrsydgtiduwawvwdzfclpyhk,870.74,false
256226,6/19/2024,6/23/2023,wnnjtxbhorcudxbawsicouqtlyllvixsocoqaoiqdn,19231.21,false
18144,1/19/2022,12/1/2023,ajinstbptfakotzrlcqpvghnuxmaumyszhkqmwdhka,9952.62,true
76075,5/12/2024,2/28/2023,gsxsueziawwbwrbndouhfdrpnvwkskeiqtxknwuaqp,19656.11,false
167530,2/17/2024,11/20/2024,vyoevsicyqcuytbabrvtvznfcxrzfmvltqiyuuarrj,6310.9,false
215857,3/10/2024,12/12/2023,krxnclfrxundqudnrssbsgvxnwynzwbdfrxqkdwajg,9804.4,false
84696,1/6/2022,2/3/2026,dmabvvrhyfgrfdymvfwteulawskufkfoizufmxuqxh,7058.44,true
244897,2/18/2025,9/24/2022,ekzijahajqmidapxythbyfkhlelqllqhdbbljhiiaz,17186.63,true
43344,2/3/2023,10/1/2025,mjjxwlknuxjzqswpoykubaitcbeepipybiqzzbasoj,14948.79,true
208402,2/27/2020,5/11/2022,wbotbogoumhokfmkzjhblcmlkmyrumuqhkomfbntmu,9156.97,false
72977,3/31/2023,12/14/2022,hskicrvgdrsaenmaxpykigtsgucwpepxnngrgitgbp,6531.68,true
221781,10/24/2021,11/6/2025,gohsulwhisecpsrfkkirtgziutphtxydbynwpzqjgm,3890.33,true
299560,12/30/2021,7/3/2025,qytcclczdxhlweqoqqyolfxibjsbdkhpslzutjiqsm,636.22,false
273044,6/21/2025,10/8/2023,owyxwksevjkgatwfievbjgtrcelvtqwfuewrzhfxox,1326.53,false
231834,10/23/2023,9/10/2023,qzrbwdqqlijcewcmwxwmfhlpaaxxicjlsnjfzuqsgy,16908.66,true
133734,12/12/2023,7/14/2023,motoqiysowpbqtjezppqwrnycazjnejpkrbybhuocs,12332.84,false
175065,7/6/2022,9/7/2023,pynesifbrphjmmdzidqvjrrkrzzkckkcppxkrvprxn,6917.52,true
274339,11/8/2025,5/28/2024,jircojovheycuwbqkgppxygiykslidwjijlfxwdndu,7844.77,true
235159,12/23/2019,6/11/2024,uhgxjbyykjszvghmssepgtmniifblawffwdigqmfzj,2038.2,false
154823,7/27/2020,8/22/2024,zxhevqkbkpbuglaovypwhrksfqxfqtxubhaolsbwgz,7491.9,false
115427,12/24/2023,10/31/2023,hzlikvonyygtwurqdoqwkdtajwrgefyfqbvcopzocy,8812.34,true
63988,4/10/2023,3/1/2026,ifkrymxncdasscwpcyuxkjldhglvtkkiixhsprfusl,11599.39,true
27510,7/22/2025,3/4/2023,iacurwdeiuzphsxjkncwqtifnvfzjztmblybtewqks,11920.44,true
262797,12/30/2022,12/1/2022,ghnjstngehhidixmitfdcfvnjgzxiltaeooigstylh,13239.54,true
176966,10/15/2024,11/2/2025,sbgvmutaoxvdddzswkoahlmogripvmdubbpkvkrrmd,850.07,true
200980,7/16/2020,1/17/2023,czshipabbnwdsxagsdrpfznbfopuanrraqjkqjqcan,11793.62,true
132589,10/4/2022,5/3/2023,oztyqobontjfmztzfsnuocqidspesmevkiikrlftka,11054.21,false
131415,4/28/2023,4/26/2023,fdnibzeleghftsixbadcsgtenklihkxgphlgtxhsbr,7227.65,true
2063,9/3/2025,2/27/2025,arhiwcgowkhourqjbzdnoxtxvpoxkarkvhhfncgikz,6972.94,true
180821,8/15/2021,7/12/2023,lblkztfnrltgkmfwioksshrpbrmvwwchyadkxmdpev,9053.36,false
150882,9/20/2021,5/19/2023,kuscjxwzzdthypojcwzthzsslkxwezooccilrlxvjm,13138.57,true
191555,9/15/2023,4/21/2023,vpaxtlbrulgomdlcbszislwnsxrxlxnmexnolnvgsl,2285.76,true
43399,8/24/2025,7/22/2023,xpilqimctcynhjxqxcpndfgcizpdccggqknxjntojh,14581.17,false
182084,3/8/2024,2/13/2025,hfgpvhhupfmvehwwpldelnzkjgaxsfgnwiqgwdxiic,4786.08,false
85158,2/5/2024,4/5/2023,wivyierpqrkgdzglydlhoaknuracckqsnvhxnifyig,16699.28,false
222590,2/4/2025,4/27/2022,jtugcixlgjwpqgrboxcwxrsaomlysurgoyusmecyjy,11873.32,true
271437,11/27/2021,1/4/2023,wseyyuzrrapiveldywlbfzproyndxbmyvrbwkguzri,7995.26,false
192024,5/17/2021,7/26/2024,bjdzewskakjomsngdubuvqqefzkfijrkcbnikpjbig,17409.46,true
299056,11/24/2025,8/8/2023,skhmbnpwatuxjndrjigfrtpvufbfjlgcgkwtmqwhtj,6143.74,false
52877,10/9/2019,12/6/2022,htvsvliobxmigrisuvtxhujamorccvrlrnnxttikdq,16586.16,true
243308,8/28/2021,9/26/2023,pbacsquzemipreoykxnapgxhaczlspkjegesdqznsg,9417.06,true
107926,5/31/2021,12/6/2024,exlfrkhldibvtoxtevgtvhebffzcvtgjmvnikbfhen,16654.43,true
120595,9/15/2024,6/9/2022,gtuqqgtsxyktxpbluhgdocazgqburfwdfoftjvcavu,6640.59,false
133291,5/16/2021,8/23/2022,wspuldzajfpmczbmnfcgrjkjecjlbbhriamuajukje,13985.39,true
175232,9/20/2019,5/11/2022,moenlaezcrayfbuczkjgitpvzpvpcgrihxpgszxcoi,6714.19,false
253328,6/1/2022,2/7/2023,gqubmcoqdpwojujwbodxdwxautwbznkigzdinfdadu,1768.23,false
42695,9/8/2025,8/8/2023,ppsipyzsdfvbjtffvcxvjhmpthjunffnwdmibvcqgt,19339.81,false
294681,6/7/2020,7/16/2023,adehrekdeniqszqvttsyxdrpmbgsldxmhdhsdnrlww,4069.16,false
252750,3/7/2024,11/21/2023,lxveuuyllqcvcngasbxhqdvgbtrijdrstiupncdrce,10569.44,true
133231,12/28/2024,7/20/2022,qsanezaoasguuwtlvjckzjvmcyxrfkprtuemevlavf,9631.45,false
129138,12/23/2025,2/2/2024,wevheqdwtsqeodttqvpqqbcibgkicmqgnstsimpzjq,13594.58,true
154492,1/8/2026,12/24/2023,lxqwahfnlowjbfrwbgzfjapjmznjajkxzrhspdfoya,8196.65,true
64024,5/13/2025,2/22/2024,gncgzdfxtjtsdseaizswyckewjyeocfsmuypvcfesi,6131.02,false
115763,10/14/2022,9/8/2024,fwlygxngeuoinjplpurlfbrranlxywejwalctouzws,1710.16,true
102878,7/2/2021,11/16/2024,tahcsliexyigmfdeerbpmcoclsfalqvbnqrsxpoyta,15437.62,false
45830,5/2/2021,10/23/2022,nzwbriwjgfldbrpsajtdtlhrszmhcxgpqfzjzowedi,2729.07,true
198821,7/14/2024,6/30/2022,cpbcaqshqivzuyzhzkzyzgzeclbnddgbkcqwqugkph,5360.44,true
169738,11/5/2023,9/21/2025,plfyemqjeykpminnkjrvpvsxaiahjwqvmaxpblxzof,13820.97,false
183830,9/8/2019,5/12/2024,thjedqattpmxcynldkbhbqhrrxteihcowivoodhjfk,9634.1,true
269852,7/19/2024,9/12/2023,pmoyhsddputkhpbzcwmyestumlujdauiqgzgmjutgl,8834.83,false
253640,11/24/2019,8/20/2024,abhctrqtrmglhubgwixxsxbuzjddywxgtbuiwcutlu,9608.61,true
271240,6/30/2023,8/30/2025,xyvnqhunynjupbyiirlrqqcuvkpeazqqrdwfgiafen,11844.3,false
100756,2/18/2023,3/21/2023,hohdgykunrgpwmpugbwjonhpoomoeozqdzrgebiioa,16476.22,false
150609,9/15/2023,11/25/2024,rcszokvzyodrnbdwxsnbohnfomnyqgouayvmwinlyz,18768.57,true
201928,8/29/2024,6/6/2024,gggjwuwiphnqjcrwtkqzjbyhscbnfoxhzjvfzakmqn,12759.03,false
31239,11/5/2024,3/21/2024,ktclahtaocwqibnljchtilrshzirwyqzlibdkdwmri,3010.35,false
210381,2/15/2024,4/19/2023,uzjlgmkskhmytulkwnpiewammcsktrmcxpgejlddpp,7216.82,true
283247,1/12/2025,7/22/2022,jklfvwawztjlerflhqzplclpdxbtbkfzoibccqllfy,7348.97,false
70475,8/26/2024,10/7/2025,bohozitqnbdbcucdlvnmlkirbyszbgcxxeueibqhmu,17618.66,true
257649,12/25/2025,7/14/2025,qvaetmucffonehxxnaafjusxtzclsddmaehwifqtrq,7276.39,true
88665,7/6/2020,4/28/2025,uuqrahuujubkomunmbjrlodqbnckoreyxeocojfqia,10485.75,true
90410,12/7/2021,3/19/2022,ihbjvcoxouvyhwqqnbhemvughpsclyarlbtbjudzzd,19448.48,false
214768,5/17/2025,9/20/2025,mqvutrzriavdamsflbpgzfurofydjknmumtycbzqew,2231.13,false
45965,1/30/2026,1/1/2023,qdabheqyshzkjkwjunklawkgivikvrbubewivtcqki,5406.87,false
110912,11/17/2021,5/3/2024,qqrjtlweaccubblekjhriicqxsqwcgjnltwfgnnyui,2161.31,false
182174,1/15/2021,4/3/2025,oenvhsazrpaulfuioyoazerofgxoltldqlhknmnwqz,16135.13,false
27960,4/7/2023,7/31/2022,ilmsegbinhdgbeumlcokyqkiliaspcucesxbtcjkfr,2828.32,true
167773,6/28/2025,8/5/2022,ioutazvkyekcxdrfykkyefrtndnacabbycrvoiucss,5669.62,true
61461,2/7/2021,8/6/2022,nzepvhlamwkkwtgyyqspwumdfnhnqanrqgniflxmra,6976.29,false
281472,9/13/2022,12/30/2022,sjwbklxkjeabehvmqjwzafnoygywaygrydgvvaszei,8613.1,false
152935,1/3/2021,4/23/2023,uquwnnzaezwushcuskwzgpkeibqznjstglyphgvtbi,9278.7,true
214281,12/24/2022,9/28/2024,mctovsdziqquhfzfrialndlfkjjwpwvubzxdddarge,19044.23,false
115834,4/13/2024,3/3/2024,bnbrgrnhztenbnbcoxdfvhixydvkjfcuwtewrmiflk,3682.95,false
275825,8/28/2024,11/9/2022,ltwjvdpqkwavnsqaohzpxlsupkncdfhzjncbjafbpl,6564.13,true
155936,1/3/2025,8/20/2025,nhejynmwmyivrdfqwlypisckpyxkrllqkjljfthyra,18640.36,false
109128,6/20/2021,12/18/2023,iqfpeixuqttnmbzkfmcpgatlyupreloqpowuurhuwm,5672.44,false
126421,6/25/2020,7/6/2025,vcktvqpfhjjzrrtobyrpujsdaymuvffmdclstslysq,1386.41,true
100344,12/1/2022,6/11/2023,ytxdyofusvpvpgiyglzaipwaithflyqwsibbslglbw,11017.63,false
99639,8/3/2022,2/2/2025,vqqkprkpjnjnnpqrytnlqaacyifpaqnjoxqxtyusru,12884.25,false
8415,5/16/2021,7/17/2023,lyatemqpxchijmlkadatvyqjbatdflaulhqlwnupqc,9272.73,false
60772,4/23/2021,10/7/2022,oikecidoclpmqkkbvnqdjzqrkxcwjsbrfpjpsmunyx,16243.7,false
119984,3/23/2022,3/16/2024,uvqjmzdrmkmgpcwtplegqmutjkrkxhqgrqxcbabtuz,19016.21,false
215877,2/10/2026,3/3/2025,kqzpiwxbfggzhsmfckcqkibrrtszcvmpohtealiruj,7716.43,true
284431,11/2/2023,2/2/2025,fjilhxomvyhpzofgckcuetjdfgpudutkrysueyceft,18610.25,true
116573,1/19/2023,5/14/2022,ncyilqxlqfzlqumtfpnafhqdxkiniueozamchjnsbm,2081.44,true
97919,2/27/2022,8/10/2022,syabsepehtjzntrhwjmnkfsbimzpevctpoeetzpfuy,7109.14,false
165904,10/4/2019,6/5/2025,jjbbidkxvawacymlqoclkqcasvhtfetbbiyymtwuvj,10326.39,false
273463,6/16/2024,11/12/2024,adduiwyznwqigoimymqpegbjcxqwehpugmylqjsure,18595.89,true
112520,12/28/2022,1/14/2025,tmirwrgtymtwivtiulgxncnjakprtxwstrpshziril,9023.58,false
50203,11/6/2022,7/15/2024,mzwpcwsryimgcuidfmdarxbbaydilpcaelwlstpxno,12700.86,true
208324,11/3/2024,6/23/2022,kyrwhlokxivgbwjaozwaqggpwquznioxdpgafwvfij,15203.26,true
58684,5/25/2024,12/20/2022,xqvngapsnnnzeirvfmrahwikekgpirgdanbrypiwfi,9490.16,true
189321,7/3/2021,12/2/2022,kktmmyjymjcuzurmlslqrjnyvwjksjxmvocmeixofn,1043.86,true
121504,11/20/2025,4/8/2024,wkoojlxcmklzlitdjyfhrjesbnjevvuzsahllgojse,14533.15,false
219840,12/23/2023,6/3/2023,gyywqeheaupwqxeoogbnevoqsifplolvdltwfwaant,10111.35,false
155564,5/28/2024,6/6/2025,dzwwulididignxyiwpokzvokdkzkfcedavhrdstrxj,19603.64,true
90352,8/29/2022,12/31/2024,ocnpaivatblkqefljjrjjquspeqjryodvfngpjeirx,2022.04,true
216098,8/10/2022,2/6/2026,qtckscjyuuyrtycexzcfvsdxitfokhvpavkkwtxanj,11144.48,true
194798,8/18/2021,11/23/2023,mcxxsvamvtgnbbrrhohzsyzjipstmisqcezibgmbwa,5104.72,true
2893,6/25/2021,9/22/2022,bfifkunyaivruozcjnindthgrxzcywhnvdpwusrwwg,7197.66,false
202453,2/16/2023,1/17/2024,mcfpujoxlaldurtafwjbsgklzaaxsykeuzfspybbue,14625.04,true
294681,11/29/2019,9/5/2023,ajiqknhwjkdvgwlyjjpggvfxongtaegipocubvvirj,15167.17,true
82500,2/3/2025,6/29/2022,mxvtiacogsnyphytvscgjigdbjuqojtrstxnahxssz,13851.61,true
75978,7/15/2025,9/7/2025,mhaghrqdeeoavukvgprqichgdgghekdgrkzoktqfvp,19190.07,false
122819,7/26/2021,4/15/2024,uzoeejibqhxzjauypnewwmvzhfpeagfxzrbhpscfnr,18561.55,true
143391,2/22/2026,3/11/2022,uderihsthjatylftuhursucnxswfjyycjjxagugtng,2610.48,false
76794,11/6/2021,7/30/2025,peomyuqlrlsouokuinendzkyjbpogdevsyhjxmhpyn,6784.25,false
200051,10/24/2022,8/13/2022,udxnmputjrsbtybgadldjboqnqmutomadrsdqxasif,6240.46,true
53560,9/7/2023,7/31/2025,efupdfkzpbrhyrdoststlcoccpkcrgmriwcqfmityd,15117.93,true
176579,1/19/2026,9/23/2022,ikaxowwwquudeojuyhdyaielgzodguiruucptkbeuh,7604.32,true
26523,3/31/2021,2/28/2025,cpqzqlkdohqrnsqkvklwwoyhyqpgjriyeryrkdulrc,12025.18,false
58175,9/22/2021,12/13/2023,furzergwzpcdhlfbbgqtzswzbszylcefgeyeykewng,13088.7,true
58652,11/21/2022,8/3/2022,xwzybyjhgfohqrxzcsnkwvjakvteklaoxgdmixiarn,4323.76,false
157592,2/1/2025,12/31/2022,jzstqliqkrqrjgncpokbaefnhueagtjhpkdsjbaija,674.22,false
43500,12/27/2022,1/10/2023,bejmzfscaackcfsluxcrzgsbeyhpiyrthuwxyanwyz,8069.43,false
193144,11/30/2020,11/20/2024,yjxusbixxwxfbtsdoicndbrzfevjgvifgbprbqnstb,17741.93,true
147103,2/9/2023,2/16/2025,blroerwbhwwawsjvlkkjbtakcjpfvnppmoaigggcoj,19000.23,false
67456,1/14/2025,1/8/2026,zadcgeivwxoopnpborikpzmqcqasktfeqyjhrhmqvk,9183.06,false
139081,4/25/2024,5/8/2024,ctcjaqntoxvuwsyuqujwfenkjovogqctckilcsifnc,16894.22,false
42581,7/28/2025,4/27/2023,ihcdsxibrpyigjzljjkwamavcnxhjlwxlffimmadzp,10788.32,false
184079,7/6/2025,4/10/2022,cdzktxcqasorggprmfdeblfmiklbhpkqpkbooalrfx,18124.39,false
77081,11/25/2025,4/14/2024,pfbzhvcbszyfhagqajmtmpogewxonkzmzkzzkcirqb,13705.93,true
74167,10/25/2024,1/7/2025,lchtbccydsuuwmejilncxhkwfmplphszgmumoihqye,2455.22,true
42942,8/12/2025,6/26/2024,zjvpgsamuxbezysplfaeymurordsfvhlbsaqrzfoby,9006.6,false
148548,11/21/2022,12/15/2022,kcstudqwbflcbhhzkunctrvtjuldtothgmoijarexx,54.55,false
15976,5/25/2020,7/14/2024,rxemmirpvxujvmurvxbrnffztbzzgtnuqvfbepgexi,12321.07,true
30306,11/10/2024,3/14/2022,vnmbqdsaevdnqqngcuanuheytcfmvvfxrrzwqnnsxa,627.74,true
296775,3/10/2025,2/3/2024,akgnntgpvncepfsodhjvhlyzziivlocftnzvitapqu,10322.42,false
239112,11/12/2019,8/13/2025,kpbadfuocracdczyvrcsbptbhxkfwnnxazfdsmplgt,7795.82,false
5363,5/4/2023,10/6/2024,lpomyzmiizaaneyawazzpsmfdktcxfpgeqjieicnow,14650.97,true
296200,1/29/2023,3/31/2025,pmwboigxvspurpfbdhxjyajfmsgcgaiukfembgatyy,3235.45,true
81074,8/30/2023,5/7/2023,ikxajgkbrlcswcxgzhhwcoraqdegjkynfizqdpzioc,12322.15,false
13980,9/10/2024,2/1/2023,xrgjcglrczjkrhxgsagfmusydyvsrdnaukchrdzgxf,11681.69,false
244712,4/29/2025,8/1/2022,rsvthgdyutmwqeetbqzyxqiyonaxrjvgauthuxffan,15926.29,false
65179,6/28/2020,6/20/2022,wybexeiltypewidaqnlsoxptnuumcvkjbvxoshbwbj,2112.28,false
238655,11/7/2023,3/17/2024,fzffwmdegaflspzwwbkmkswvazdpifwmfenvbczpel,9340.38,false
89375,10/20/2024,11/10/2022,xpptzjnolrhhgwzkawarrvrvumblatbwjekwwgkcar,11127.03,false
247581,8/20/2025,6/21/2025,wtnttmljjyudislojexcsbyajivuhdfmtyjjjpmkol,2827.46,true
51464,3/9/2020,12/31/2022,ulsczlxllmarechoybyndqgavauyasemlorxalzyul,14712.82,true
76823,1/15/2022,9/16/2024,qovyyietrpvfihznyxlcosootydkdxwjmbzmgmzzgs,16567.85,false
70259,8/24/2025,3/22/2022,ukpaieqgkcappcleyolvpgekwikmdpffnxrailuvof,9170.56,false
238305,2/6/2020,10/25/2023,acghpgfvvpxragnoacbbrtvvuurkhtwbwrokwucuyy,1290.68,true
7467,1/19/2021,7/22/2023,xgkafhbzunvfcrdviwovfzjzlhytnrnnundyzyanos,8762.33,false
47646,1/8/2026,3/29/2024,kbnbdjyvquqrgvqlfqywzxgxkkkozpxuipvbjuozlv,14194.11,false
124457,7/18/2020,10/12/2024,eabsklnmfwylqjnrrsbgcjpygxzzlhvyavdfayicrz,14406.87,false
109703,3/23/2025,8/12/2025,whtnnukhbzwvywjtwoomprsbcwbolsvdwsenwlcrua,8117.45,true
248678,4/4/2021,3/23/2023,jgukxtztqzstwnhixkohozzaxtihlwrizekqppffso,4090.56,false
232500,12/29/2020,7/30/2023,izaygeyzlyapbuebqqngaksjjnlqlwvaakbovywfzg,18380.65,true
156901,5/8/2020,9/9/2023,tunhgrovuitcofoyofijypaidstwiyunmjgcjfxopw,19056.2,true
271144,12/28/2024,4/16/2023,bgzqfrqlgpnvzqdgrznngazfvsamysifbjmwkjepug,5652.7,false
221578,7/17/2022,7/16/2025,bosdkybhibfssxtnnlmxgibudgfhprwaypvhwwjokb,12374.48,true
183831,2/1/2021,11/25/2025,lblhonflroblwdoyoltkmqjqmhocsrotthcstvzglr,3306.87,false
213625,9/26/2023,10/15/2025,ehnbjkeppfhqjuwwxqtnmvicwoomubeoejtlltiibx,13572.02,true
63717,9/20/2023,1/13/2025,ocvfkkkkhrwjozlphzzgcqxnyedtlnvwzxmzngprdu,6383.75,true
62523,4/3/2025,4/1/2022,hjiehfjrfsovvvjwjkomlfuqomofqehyuonuyibdqe,10426.15,true
245255,1/4/2021,11/19/2023,nfmhblkwyhcqbcghinlgtwbcyuvpbbpnfobchmzhrr,11481.22,true
206069,9/25/2024,11/9/2024,rxtpzaspqcxhdimsmbclunzoapdrsoabjsalvrvzko,3510.4,true
181991,6/21/2023,12/31/2025,gqunvmkhvfbhxlgpckfkaqtlhsnfaqqhrzeywodfaa,9816.06,false
16125,4/9/2025,5/28/2024,gtezrgvbqctpqfogkpvdekgfhxaziwlkfjksxrmhwt,12207.15,false
294051,5/1/2021,8/4/2024,nyzvfvchyyfpkvvrjsjjdhxrwnjrmxwvepdwjwzpmd,17885.57,false
196665,8/25/2020,5/12/2022,pjiqmaktjjonjmyoecbixnryvpjlxnlwatgfyjllvv,2692.14,true
83714,3/9/2025,8/28/2024,eoxvqlhalstizkpcfkmkchklpguiyfrzxcavbtcqdp,6938.65,false
209633,12/4/2022,5/24/2024,lakycxqvzwnlnrhotqxgdimnolthblwjnvwbesdhcs,10274.87,false
140345,11/28/2022,11/22/2023,ajqymyiyyfoplxvxdhvkbwdqkdnzhduqybympnmoet,5309.93,false
3843,4/7/2024,10/27/2022,zoldrihhqwvwpxwkotctlpkpdvxpnqwepceslcglos,964.39,true
227735,5/18/2021,8/5/2025,akmldkvqejwqtbpbhcyahuolegxmlaabwnvqeudhgv,7032.33,false
76779,9/8/2021,1/3/2025,lmcvjunnvqnvzwjqbbxlxghdhkyvowaxjmyyelsjnf,19075.58,false
281756,1/27/2022,5/5/2024,vkznnkyiipladoufvqrbjqdyjpgnihovmynsealyxp,7328.81,true
180296,2/12/2024,1/24/2026,bjrgyokjwysidxgmefcjkiuhafzdtfcjomrujzsojw,4027.22,false
245303,8/5/2024,4/15/2023,nscyplhrilruemynkficdyqslgzutlaazfzjkgiegt,18885.76,false
188654,1/25/2020,6/16/2023,plclrmmrjbjjagwnlxtcsgznrbkqamqxwzhbvicvxe,15915.1,false
26537,5/5/2020,7/24/2022,jjikkrmqfhlbsgcvpxnvikyrpugixocpyjmbsdfvvq,16310.72,true
105151,11/16/2023,6/25/2025,npykrjzefvgarysmglvipnembvbrfhftdeoxpnrnof,14389.56,true
98192,9/3/2023,6/15/2025,gqmobgqpkryotafdxexwcmgghbknupronvkaflstkm,6119.53,true
84856,12/12/2022,1/15/2025,idetjthbirclokvvrvsjfkzqifoweizmhyzozxkbyz,4057.65,true
56842,7/8/2024,8/21/2023,czyqazwyxfmlprqmxjscjrpnbzglolobferxenkjco,11415.88,false
71877,9/23/2025,7/25/2025,yshrahjruitnhwjrobxltfrwdjskamtpkdvqbtfasx,15067.8,true
131545,5/26/2021,2/15/2025,jmkbdejvhychcwhpokdkrwvogbvnbmxhcfiyunbbmr,7266.08,false
109187,11/14/2022,12/17/2025,fxzuvheaduvofsqgeioswfniqkdutlxdtpuinuxttv,10763.37,true
299648,9/20/2021,8/25/2023,uuerwrhzzrkyfaquuyqlegannwxnmplgdalrcpoucy,4723.41,true
81585,2/20/2026,7/12/2022,jewyytsyauyyxriohanpwxedcyroilecnmajxtwgin,16300.82,true
123584,3/9/2025,5/31/2025,ntmfdxczmdqittjnkvovenqeurxfwheybnywodungv,6572.17,true
110681,12/14/2024,9/18/2023,nnzxtsdvyaopwwswtaaltrsvqdxskxqaheljnrpzcc,4851.12,false
260667,12/7/2021,8/7/2025,bfmstosncleqaokdnhhvfckizaofaadflximttnwqn,15649.31,false
46414,7/16/2024,8/1/2025,kltpbgzkofzhqqsdzlbktlwepykldvcaspvwnmvheh,10277.06,false
219543,2/17/2026,3/19/2025,mlpdoqneluiwnvcbflbrbsefczohklkuuazdkipseu,4525.66,false
257376,5/17/2024,4/1/2023,dzmlekpkltvsyqsgpdgxrnrwtlaufigqwfmogtyyfs,16016.39,true
238883,5/3/2021,9/22/2023,gnwxvfhpahnmcoivszkkarngcswvctylxiblvrdmom,10509.32,true
5261,5/10/2022,1/3/2025,thtgulsjmyijgpznzmnsjpsghwualvrxmzpbfccbbq,6314.06,true
160288,5/7/2020,8/18/2024,acgwkmdnyhxgapwaqflwbottgispqcruixwmhuuxdl,15606.63,false
233637,7/25/2022,7/7/2025,fikhifunstivxrubfmfcvjxzjhotzvywdlqgrubiwb,7596.96,true
273760,8/16/2021,4/26/2023,cjuuzwdmmcveowtfubksbyywetlaspqjywaxfjheoe,14153.62,true
239548,1/16/2025,5/7/2024,ylxzpoctfrqkapbhdzyngqjquuibdmwmhsadficole,7761.83,false
192538,4/29/2021,5/4/2022,wxzwrredlxcrvurzexnasfypfejhdjgwlqztfrpxwi,13577.13,false
273499,3/20/2023,6/23/2023,qqtxvyoloekbnlgkgpkibgndrimdmvjmvkvvztmgpc,4998.99,true
193808,7/25/2024,2/26/2024,rsuchcyonzeczyiypncakodqjanctxgcpwtzskabdi,9490.01,false
9467,10/6/2024,5/18/2025,tgleurtdcjdsvfkyfwybicjzkivwpfvqexpywmvmiq,18903.0,true
274955,2/21/2023,12/26/2025,exmqwtijbajxqzufjzrngpboilmsbdhvtlaoaahcdt,10338.61,false
34831,3/14/2022,10/27/2024,drjcoynfdbsktdvxukzrrdvelvxrtcmvrwkrlccbqm,16600.06,true
102249,1/5/2023,6/2/2025,iorwpheycoiimzbvmospwcpgzbllzcoekcefnunyca,6482.02,false
110653,7/26/2021,8/12/2025,wtwbcjbgbicwoaoogxkauoowzceepxhpcjhrfkftco,17856.78,false
278642,1/2/2022,5/22/2022,gsmkckbvlccthggwdnokxhrtvunfqlchagsrrzeijv,6781.74,false
195636,10/1/2022,5/13/2024,hzlxcmrmskaljmlcnuoyhuzeccaemvurgvugltpbcv,8894.96,true
218116,5/4/2025,2/7/2025,mvssjeskxuofmcexovdeixkwdboreybxvxvcffazqz,2669.78,false
28379,8/11/2020,3/14/2023,uovyqrkvfirrwlncetygcjslkpjqgxrhekjjjnlyjw,15922.9,true
16118,6/17/2023,11/17/2024,xvskeazdmeizhpbdsptrzvymqtlbsdmjeixlqcxirw,15106.6,true
183317,1/16/2024,7/1/2025,gsbiikmnfnvelbxhivvabozatqfqljwkiolukjhdlc,4959.96,false
86795,7/21/2024,4/20/2023,skuvebhjkbjomynucnezylknadeoqqwjmxtzhopmkm,12594.14,false
44306,12/3/2021,4/5/2024,kqbaaiuaprhueleoicbfkdvoanrdjpxbpnnttqcikr,10361.98,true
174376,5/12/2021,6/28/2022,funywrnsasqxaarxqsrqgajivmmoxbvzxwrlymxgay,19475.51,true
25855,11/8/2020,6/10/2022,npfqolpglmqnskngardzkopfqpgdiamtcpytksowyr,7057.16,false
87182,4/1/2023,10/4/2023,rmegvypshjegzbyskupcnaubwrlgrvtdxbjuoazdot,10028.69,false
79180,10/16/2025,4/13/2022,pvyypiwbclhasizncuvldkeaewwndxgkhbmkwlmbem,755.71,true
125735,12/6/2022,8/27/2023,nrbkpxkjcjepornnqqonpfrrfztgzlyytbwuzljlmt,13533.58,false
241132,5/6/2020,3/28/2024,bzznyrspiznveidqgkyvfjnnbqopyrsaeatzggvnye,18556.72,false
225169,5/1/2025,11/26/2025,kiazlquifllattdpuxmtuqlxfihvutocnlcjxpprlq,13885.46,true
141093,12/19/2021,3/7/2024,zrdvfrvgiakqwcelwiilanqsqwuoctriwrpqhjwcsl,10387.58,true
147397,5/11/2021,5/18/2023,sqmoysrbdrusxmgkouisjhlxsgoqqcirydjbnzkmkc,14385.45,false
140939,10/17/2022,3/16/2023,yjggdgbkzbcyddtlopyodkmnutbgnrybjaceawnizr,8946.79,true
49594,11/20/2021,6/27/2024,vkhjbeinburtmjpmeacwtwlkexsmnaolgzhjmuiatp,983.95,false
151562,1/20/2025,11/29/2023,twwuphijtfwxqdmfdmrwzudwubiwxsyrfnlrypzmtj,5358.64,true
258070,5/25/2022,8/28/2023,amypnpiaipegbsxdqynzpvajfymxjgflrmsabbjlru,16898.41,false
22462,8/2/2025,11/10/2024,njsbzstbstmanmpwdcoraitjsmmezkhttbfytnktnj,19139.66,true
7912,4/9/2020,3/10/2022,otjfmrpsrioswhkxwgiduxdsvhtnyecqjshojacpeu,18788.62,false
267575,4/1/2025,10/6/2023,qgdqapioenipsawjuwmzsgnmhpgwrxthqzrlxsguir,4293.77,true
160520,12/28/2021,1/5/2026,odknblgrghwtakjdmxetkahhmygosbkaavskywpmjk,17398.18,false
206979,12/5/2021,3/26/2022,zgisynplubgpudtwsokytqoguayqvdnbvyurehyqui,10175.46,false
203484,6/1/2022,4/29/2025,vrpsiesazmkhwucixzaupymawgkaftfavsyjgqwxev,15761.37,true
195800,5/1/2022,2/9/2026,hpdbcpxhaoyrnkhomnxdlndrfcujrfxlpawugyjrum,11778.61,true
156082,5/21/2024,7/25/2024,uasnkqeyywdpqdkitfqmhyqwktexrrmapaakwwavnh,5003.36,true
78196,9/13/2025,2/18/2026,rnspnjmghgctujmpeekydayvcxvzxojlhnfhfpolgq,9458.63,false
48512,2/9/2020,9/14/2022,ulwrpytgvalusonpbsjwmopoiakmhnzhxtazlspfdg,11624.76,false
44885,1/9/2020,4/15/2022,yetopjptvojhhrldvtunwabwzmesuikazoayalikbu,4022.22,true
222441,7/16/2021,6/28/2022,ihrmjjuqqbotmnfvjrcumoqaeseqvfnhotpocskxlt,6119.41,true
138213,3/23/2025,1/6/2024,ssqjnsyidjhxvkwjxrkprsqwtavpsgnicrbqnvbbmu,7631.12,true
273240,10/14/2024,3/17/2023,lpfwqeqygtkmviaasfogrcsshthpscmbbhfvibmrhc,12855.83,true
60797,5/18/2022,2/27/2025,tfpnmxfmjzhghkpapcsrfvffipureopvtjwcvtftib,16857.98,true
142212,10/30/2025,11/10/2024,ldnfixerpzdfjebsqdxqavvptujyaqncllxvkmcmys,2002.1,false
53797,11/26/2025,7/15/2022,feobieewmfrogerqdmhypkzmqncshgxlqknxkbbdnf,19408.49,true
104512,10/30/2025,2/11/2025,fysavxtyoykxmiymspoiplcjewsnvluvckzppfqisa,521.52,false
44684,10/1/2023,12/17/2023,zixigfrpdxgppkkyqfxjjzmgfnkvbiwwfzgkffyzsy,8281.23,true
45212,4/28/2021,7/22/2022,iztugpxvcivglomqeuyvbygsmodfrmodccipzjfxfd,15710.34,false
204213,9/11/2022,12/30/2024,umphuonjarwnmukroqfhuhmhywwtaqjszjpprhwlyp,385.03,false
235872,11/11/2022,1/19/2023,yhuntochfiqiajoosnlwrokqcbykmlctmspcrvrpol,8060.48,false
138133,11/27/2024,8/13/2025,lnfoygwjvlqmzbokcqhchyonlnzqwjuexbqscywbty,10710.87,true
267369,5/5/2024,9/26/2023,hsettxgkipkzeibfaixkyqjkljrhasbvkvxyfatzqa,14248.89,false
264099,12/30/2021,2/9/2026,zkookelpxnppragrbgmbxiyleftxdfhdzqkqiqircr,18183.21,true
7564,9/7/2020,12/24/2022,fiioirfeozrndhrglgdtjaodojgtmlowfdqoyscqef,19931.06,true
35153,2/23/2022,12/6/2024,vpgzqhiikwucjrxvnpierdabvocmtlgfycdrsbavrn,10802.63,true
5694,5/29/2022,1/18/2026,kbszmjamsdpshihupazynqiwncajogyvqarjzkztrz,3457.24,false
141210,10/11/2023,1/5/2025,uhfhwlldouwbfncaxxiszjoqtggcsxbfoapmgshlnv,6765.26,false
210977,11/5/2024,5/17/2023,jmmntezclazgojrrvvcvukwlpyqihyjlotvjgortjz,1293.8,true
197638,11/8/2025,7/11/2025,rqqocxqzgtrqwrglwenxqlcdgwbdskrwljgqfvtiuh,1434.61,false
294866,8/3/2024,9/23/2022,neviddywemewhhqifmrrzcqjbiifjnwoxmxwztdcbg,9413.47,false
170048,11/2/2020,10/1/2025,gekjssfccvrcbnskohmsrzkdkelvyvwwklfijlamww,15586.94,true
46508,7/1/2024,12/26/2024,fenlnvbefmowolsoexeimjyyrzhwucnmxjaesorqrl,11368.92,false
88938,3/13/2023,3/17/2023,wkpskxubppazpaujmuwydouegiqncwmmunhlxomger,19821.69,false
183714,2/5/2024,10/1/2023,tyvzdbujzemntuibzzwkhfclrchdeojogrfauwiyex,19631.77,true
90754,11/8/2024,4/30/2022,uofhicbvqbqqnxxuplnoavkhszfunyphtnuwjjoyqh,18823.34,false
144973,8/8/2020,6/20/2022,daksnavvdguxpncxxeaprshdxokaglhnsxlwouskmd,15094.74,true
175997,6/15/2021,5/8/2025,xkrcrnnaauoztdjrpszhkipgckceqexdfqgvavkwlk,12172.08,true
39238,6/23/2024,3/10/2022,eickjaqmjnkybkwphbgimkajmtoynamnieurmthheu,8279.34,true
10466,4/15/2023,2/3/2025,rbcvreqlfhnfgtucbexwwwkfxtcrxlrqmfgyxjtpmg,1027.75,false
195386,12/21/2020,6/27/2022,ywljqyefosqxrgcdlwffrtubwbtgityvwgbyhdvtve,9394.34,true
156280,5/8/2022,3/23/2023,jbnafbqbyxfvcpyhxeztytssbcphciofgzamgmvqfw,9242.69,true
244013,2/12/2025,12/3/2024,pdzbuqcpyphqqcdiufbzrtfyyppghgzmpkixufxpnv,6683.76,true
55851,6/9/2022,1/15/2026,jfmtczkoinhgsucapnysbuzdniyceqtnhnojhlcqrb,744.57,true
37770,4/29/2024,9/27/2022,sahfumkoexgzccwndzzuydilhuhzfepzucftydvgte,10161.23,true
193155,6/26/2025,12/11/2022,msfeqmslllnygojcdusqraneeequxqebhnohuatprp,3582.56,false
66733,2/28/2022,5/19/2023,rkztcjrymgecunmcbqwnaybdltdbnehwiyagyyujld,7724.73,false
267678,9/18/2020,4/3/2025,hmuuetffnhajzadrjepqsucxzlgmafedmafjpqfapb,2456.77,true
218217,2/6/2020,5/20/2024,lxdjxwzsggaajzbuduoezudscfaoavzzicmgktohim,15408.45,false
158414,11/8/2019,9/23/2024,pnvttltsniakgqivwowxcabktwizkgtujsrqjpyyhy,2254.58,false
33311,4/26/2023,12/12/2025,gejrwnubifdtkekkyrpirvhpokkfmifpypfsfqyceg,3132.74,false
264168,11/30/2025,10/3/2024,xcbpxlbwurwlztxnlcrsnhtvrrymeutmqrauajqrmh,10030.54,false
84195,9/20/2021,4/24/2022,kbczjsnyuycdflrpokhkchsghlvzyyslqorkhkzbhh,1032.81,true
212408,10/22/2020,6/11/2025,nulcyjcrpeqgnpcluxblplchmiedqcmhfxqezaxkpv,13983.71,true
281337,11/11/2024,2/6/2023,rapuuddkknvjwbnucafswhaudirhesapxqivhmcqoh,3247.97,false
262970,7/4/2025,3/6/2024,zeipsfwyikeuovkwrunaavgoqtwunigrreeipyapgf,5428.92,true
175830,6/4/2021,9/23/2022,npcnmbertzxotlpsonjoxkhfseuazzqxbttpygbrga,15676.2,true
220505,9/22/2019,6/30/2022,xvgpivnianaumooaapwxpnnuccqqffnaqlxulgwxpj,938.84,false
135484,6/25/2020,6/8/2023,cbxoulmhdhjliubfoqaptelzsgogbievgzmbuglhfu,7911.17,false
298329,3/15/2024,1/31/2026,pnxmqstvaiokjhpsfdyykpfolvlfebyhkultsiqsll,1996.58,false
29525,7/13/2023,6/2/2025,yklumfuzolbulwbkmugaejnhqlcfulyvjhxasfeerx,1957.62,false
49269,8/29/2021,6/20/2024,clcnkwnhwixhvhngopjxxuglvtfzcklttlmiouiwbz,6402.35,true
101776,2/24/2025,4/2/2022,zxyqfwmsezticuiyvaxbwmznvkivrlfadfxyuvhhgj,8579.82,false
282212,7/13/2025,4/28/2024,wyssgpoyswofkcwrvjkjxtflelsbqukeahamqxltbo,6126.45,false
247256,4/5/2022,12/9/2022,osdckhixsdyfkuxkavfhoaytmakhjejfcfaarlarbl,9754.12,true
13243,1/16/2022,12/11/2022,rnxzatwpqakgzmpcevgemfeetagiquiimcoarwxzls,16899.03,false
197955,11/2/2021,2/27/2025,ztkddukhenylpaafkiovswugwxvhzoteokenqzjhtx,18931.08,true
253348,12/16/2021,8/30/2024,yaicrrfwvdqioofwzjcubuvmdpdokvhttudpalnhce,13781.76,true
15603,9/19/2025,8/22/2025,qbaohijyaueelfpaprxffgpxumztkunqpqufauuhdf,1532.57,true
181688,8/21/2020,8/18/2023,bcraxaiewpabyyncaoclanwmoqofvfyklvjqqpwfrq,13863.07,false
263193,5/28/2024,2/11/2026,mmyvvdnauvchizjyrrczfgmipfmwmauccqifhwpnph,7645.1,true
175804,3/31/2024,11/27/2023,vnzneyjwfauplunzcwobgwqcdgwbmdtscnaowctueg,13240.32,false
258807,8/19/2024,1/10/2025,podtesetcluimaoracjrcubogpbqdbgcmfcmqmjqwb,3446.76,true
211510,5/23/2024,8/22/2024,zzzmvzmarmxdzazvlslekimavrmuhlttvuqkiurceh,12486.67,true
264862,12/19/2019,3/5/2023,nijrxwxxiuyitnyflveffhmqutgdkikhpfpqivwary,2632.4,true
294944,3/31/2021,7/29/2023,jymwweravlezjkxcobnmgnhdxedcdskqvavpzmnvvz,16561.97,false
7517,9/23/2025,1/6/2023,pkdtklniwzvwqtydfatfguunnloskqrlmprlalfvig,2911.01,false
43614,11/23/2024,6/6/2025,untctwyiyroucrewixxblndmzezhahtukmhcuakquu,10547.64,false
229376,12/9/2021,7/7/2025,enmcfvveqnhiygylkwfqtwxcfqqielhegymykvyvqe,8913.59,false
279249,11/6/2023,7/19/2022,elgtgjvrafvrxqinkizowavsgoyfirovmombktxele,15349.58,true
264007,7/22/2023,2/23/2025,jztpcbfrfcmkbwvppgjyhlgpxpbgfgbxcwoxugevtl,15698.63,false
28102,2/4/2024,6/23/2023,risqjixywquhaqoebbowfyrsbrqpwnwjbjruiysyjs,2020.68,true
260503,6/9/2025,10/8/2023,hsdvswspbiwyhjafktaulwjaoraxrotfvtqruixemo,10113.57,true
16522,12/26/2019,8/10/2023,nqxzehbwblaatsikpgbfgjonphagkamycywdvvbqam,17974.2,false
228895,1/6/2025,10/20/2022,ptbpwrvlpkzmzcfsscitzupsgwqnaajhoptfqvdxyk,12793.35,true
78018,6/9/2025,11/18/2023,ulchdakltaiajybmweiosoqjgwicjkthxhdvpodium,12318.54,false
138132,4/21/2025,6/12/2023,blnmsszvpjxipuxblfwywoaymogvtdqhscskoeqjgu,12886.18,true
81026,10/31/2021,8/9/2023,nkyyypdtoaswnzgpvkovjjcuyxflhquqtgzmkdttkk,15980.0,true
282347,4/16/2021,4/9/2023,ffqiowfpvfjgtqedghnruxfkinakqsqxfnwanveehm,6851.25,false
60650,10/29/2025,4/8/2022,bahxyicacgrzbgmvqbvpinkbwwufknmmqukvywrhnt,9652.9,true
150752,9/5/2022,12/25/2023,puqmfxftioxuvjqhsxupgxyzgqjatcftrcjlezqnwj,18934.73,false
197623,8/25/2019,11/29/2024,qqdiprsnihbyarndpxmcldxjofomaisvkzqjmdtlyr,7876.64,true
220818,1/28/2023,8/16/2024,wdyguqpyqnmqctzfsgaizoouxldhrfpadfibcoxhpr,12688.17,true
276082,9/10/2020,6/23/2024,ftljqnwnvccxiqqiyapsmwurjrtnteoxbwqdpshijc,8311.97,false
89560,6/27/2023,9/14/2025,afgqajwnojccdlwrxjaycdqmzokpdtqzydyhkmbyuv,10599.65,true
157634,5/17/2021,11/1/2022,abdygbkazaikvkeximabktjiwdybgwvsychxmohokg,13263.53,false
30055,9/9/2024,10/23/2023,kjkmvgusjjgcefunfuoxsavurdnxjiycpwwipsbckd,14337.99,true
196487,9/13/2020,3/21/2024,wwfdpvsinjoztobnrxpgfjarrcifgeqznnsgckrdmg,16494.94,false
152522,11/29/2024,2/13/2023,acfdmvzsyksebwhlnyxsmhmaozazppozjhlhshstkn,13682.83,true
85376,3/22/2021,8/30/2022,paxhfopmpfrimkbnqoasnrigjaaphghqvknwnnkwlm,7367.17,true
114463,3/5/2022,12/18/2022,xltcaxetlplrrepliqnasmydxocnqgqvvvhyelaekn,7281.74,false
249134,4/27/2024,8/20/2024,fbbgskjxqjuzvqcakzyjbcahacppefuzzhnpulrzxs,10241.82,false
125003,2/1/2022,7/31/2022,ppcazrfepvwusifngjymdnmbnubwjemecavbldlvlt,14529.99,true
120868,5/26/2023,3/26/2023,bwwgevhfnalbjixgbfaxoocgibucgbhxgcldoajrxf,791.6,true
298185,4/18/2024,7/6/2023,abfbrvkmjeowlzchwpfirrrlwlfhfpjsbukworahvc,4479.92,true
146887,5/12/2020,8/3/2023,fruejamlehvjsxrcbxphovjoxtrehimeatosfenwcy,11369.64,true
119367,4/30/2020,8/12/2025,rivxfxagesrcrjckjmfuhncgqfalqnsrwbygcislca,16444.57,true
236173,11/13/2021,6/13/2023,xseazoreybbiyikmolzvxmxccubtxvwitjtyobpvov,13554.92,false
296122,8/2/2023,1/19/2023,ypfjbpsvzhcpcrbkwwpfjxnkiktbhhfsuzukeofuto,14736.39,true
62696,9/7/2025,3/29/2022,qswraldkaaaqbguritzvomtzpluejskfguhxtunkjc,18710.03,true
186,7/19/2025,10/5/2023,vismwcfpezlmdabyxxiopuwzmbrffhysquihscqrkn,6130.81,false
123840,1/15/2024,1/31/2023,itvruezeboyoazxgzgzhmereuchscdokjekchytwmu,11753.98,false
191609,3/5/2022,4/3/2024,xqpbmzdsfbuqxchfjvjvoqkrhkutnjtqtwrpukjqjo,14731.05,true
25452,3/2/2021,7/10/2022,bcccqifyynguqsewgufxvszilrnovwzpabwrsnyszn,11167.61,true
296744,12/5/2023,2/13/2026,wtfpwowozajjyhvdnrlrglguyxrsqsrtkndqypsnqk,534.37,false
273700,1/5/2022,3/25/2023,ozbiqtcxgfkwpjcoybtoqtusttcujidaoywawtcmbl,11538.63,false
256623,7/29/2024,6/9/2025,tihromevtcztgbhhvmxgyieqseumyohwgfpizemeyx,10120.11,true
33276,1/11/2022,7/25/2022,jmpjlakdhqdjsbbfartzttcexrirdumaabjkasqizj,9103.36,true
39962,10/27/2023,4/1/2023,chtapbridyglhmftpzzvvhpkwwszcowjknjolwnkmt,6398.15,true
18339,8/13/2021,12/18/2024,iqslfnpxgcyfdtdhvgdzuodvpjwvsjfihanldpybbz,17776.73,false
247639,1/15/2020,8/30/2022,mtjlndhuryjsviqmmqqwjpuydjrhtxdglfbkkjieok,4621.65,true
290063,2/12/2021,9/12/2023,tduwzugnzsyypjumfqatnqhkldgjukzconzmlavzbk,7484.25,true
86270,3/28/2022,1/25/2023,bjjupiaqakopyofpmakfycusymdasnhqonxnrkgpqu,11726.57,true
168236,3/4/2022,11/1/2023,ocrfmbqhlefwlyyibwjzmjcyxnugdnmjbfbtreuzra,17664.72,false
29928,11/8/2020,7/29/2022,aphldijahkkeiqkpmtmjsbxeuimihiwbnmptwztxts,15566.08,true
68496,7/8/2022,3/8/2024,eiotelcyuqiinddufkgeqbyiinnyvxumlvmrkekkxk,697.5,true
42229,1/17/2024,4/27/2025,kqqjavlabjvyvhxzexzuoykebxwtakpmjepavhdijq,11508.31,true
236785,9/6/2023,9/13/2024,jxatcvcxysoypqtziallsjuzgzvwvdiqvwhepjtebo,7468.35,false
59657,3/29/2025,3/8/2023,obquzsnrweviekhcvqwcwybohkqmvisezrbcdrncen,1528.11,true
233962,1/21/2020,3/20/2022,puymdwocovbdbtvxpovcauumiwhipvgqskewhnulct,5193.05,true
3836,6/18/2022,5/13/2025,fgwkgsjdfqlygkurslifrbvxgmaofwkggbalvbqymd,7906.87,false
156622,10/17/2020,7/20/2022,dedjcaqupeyzlipfkwaktevqdannullhpnqtcyfobl,14582.65,true
187040,10/28/2025,4/13/2023,ymlyvjnkvguftgpiirdtvzwxjboylcakhvyoqdvykx,16637.22,false
198673,10/4/2020,10/13/2023,kpwyvgughdgddtsareihhluhkteghyfqlbddedqnbi,2911.55,true
43382,11/22/2025,11/1/2022,tgbsiizbuqazkdxoysghksftfrousgvswzqwhjeapn,4613.31,true
62120,10/1/2022,7/6/2022,sjobuhogxrmojyxfwfqjiqjnyetjojxebdeheomlkb,7360.79,true
222025,12/2/2025,5/26/2023,jwstpjgxkzyjujoytfblmvwiknsqrmbuvwopteazmm,7280.68,false
98322,11/10/2025,5/10/2023,liaowboeunyhdurrklikuamuyrhgbeteyxpaoejnhn,6250.71,true
298646,12/26/2024,12/29/2023,wnobpqgmpbrbcslmijdlkbdufnjaalhovdydzsfloe,16883.29,false
117829,2/15/2023,10/27/2023,lvfgpqiosieodcwjywqpvixcuumbkaaitkfaxfolez,14226.7,false
241236,7/27/2022,7/27/2024,exnsbiddljejkflsedzmstzgpnkljiteqetohmzosw,2998.14,false
40666,5/29/2023,1/18/2024,fmpyflaisamospllocxvgwtntpwsxmrbswcwmnhztu,8572.55,false
191117,7/22/2023,8/1/2024,ixfbnvrvosuxyoakysuygfwerguayuwyxeaeghpqdf,19931.91,true
213358,11/14/2024,9/20/2022,yoybykatgdddhdsttmbapgdfdyajqodqrqogyyczaz,10519.56,true
31944,9/18/2023,7/12/2024,vtvpxqhquzakelkvffcxkiwdsuretpmqacitohjwjz,3283.15,false
256296,11/21/2019,8/24/2023,edwgbgrzolasdlrodyscvvifgqpsltafzjoovpjcsx,8937.43,false
99172,9/24/2023,7/30/2025,diulbncgfmqmugehvsmjrxtjwlnebqnpirviwqkqyh,10915.86,false
273609,5/29/2020,4/1/2024,ztfvlurqqxubezplokjfggakxkjnfzalszwwblneyr,2826.32,true
97375,2/12/2026,9/3/2024,gkpalqndwzkwhublvklnpluvdxxtyyhbwjxpsmxxrz,16158.63,true
28566,5/24/2022,4/27/2024,iwzmqbetruupskblirswtkdlplwupnbugsnfsyvfne,11702.14,false
159056,6/15/2022,8/12/2022,wbskudzwkvfcxednwtklozvubjvudrrnkvcnsohumn,14190.79,true
108114,10/13/2020,2/9/2024,owsrqqjwtnjpzcyxfqddxboxsajgadbvxysoebznvm,2461.36,false
288439,4/10/2022,1/3/2023,bfwinispyxrmdtiozmvnfprsuxwvoetvqhykowgubv,7459.18,false
34918,5/6/2024,5/21/2023,xtqvibtkpnhiikziuzhjupqceglpfxfkluliznkyvg,11401.64,false
107207,2/11/2022,11/24/2023,cnwbryccgtvpxgsjguzkpvycwrtomldakzzdnyeqxy,1068.07,false
57357,10/30/2025,11/27/2025,dasqreubusajzxojlqmifvzecimmkfvnmlghhoqjkp,13265.05,true
217706,5/14/2021,7/3/2023,fxirmpwdhhashllqgsezkuwrqcksulwsdmwhsdsxwe,3095.84,true
289840,5/16/2021,7/23/2023,dyyoxwexcigzruduuithddyivxcpdirwzvchsybdnc,12136.44,true
95006,9/10/2020,11/9/2023,gryfzgybxpjxulmhpozzyccqubjorqvujttfdzhaie,8650.07,true
284299,11/1/2020,6/19/2025,skxagfnxvjvjpcinwtiepbtbaayctszoozeekvsdqz,5032.49,true
250381,6/13/2023,12/27/2024,nvemsdijxpsnydetxvlckcmffwmofwajqcveaynjkk,9705.93,true
51665,12/25/2023,6/28/2024,thayanhwbsyfcncodvhzjzcxrnzaxmqfddqyfezpqf,1365.99,false
32216,7/25/2021,1/19/2024,xstppyfisavptfgjwgauartboewcxyqncejbbmhaih,15338.78,false
36293,10/27/2020,10/29/2023,uzszmhbwjajycgzertrdpvqyywvabwwdducbrtdwju,15338.16,true
179169,6/30/2022,5/25/2025,mldmjolkbjeyatdtdyktmufyfeuptqzzpxcgwcrker,18399.91,true
160961,9/6/2020,1/31/2024,rgkcaldkbbhjauqapyztyexbisqzzenqpgohlczeyz,9711.68,true
117375,10/26/2022,3/29/2023,rgncslgcamizuemuzecgyacshwlyjrngsqzzrlhbzb,7124.82,true
172164,4/3/2021,1/29/2025,dvnsrvnaxlpymeeejgiewfyqrctwtutzbeckjuyqyw,14086.08,true
249883,12/13/2021,7/23/2022,hltkhexdyhxsjavdocvfbtmdroxskjcrrjfpywpovj,4847.9,false
74233,12/23/2025,4/21/2022,maczjhzjbmfvetrlojlvdeasnewxttybbvzbxpjjxz,19165.97,false
269429,10/31/2023,3/1/2023,pmjiybigxkgfenmrecafbwfvdbzmwwfxtlpjucixyl,3272.46,true
191310,3/27/2025,9/10/2025,rmqgjjhnyesvkaimtwaleexelgzniqwcmckiicwfcw,2321.76,true
4857,6/3/2020,5/29/2023,rckstgyuqzpzfgjqfsngvjvguhewydvehexspqblux,18360.58,true
11727,6/24/2024,4/5/2024,ijsliqsgpodgwrhcyrfufwigfqtdrqcvtqjglwmsqi,10641.71,false
109147,12/29/2025,5/28/2023,taoavssfoqcmgykpkcqjaunivelgqdxnhtemqdhase,14988.69,true
19105,9/21/2022,4/3/2022,xumbvhufyvrbdkvlxhutkinlzntofvkgmhamyulufa,8297.06,false
241243,1/20/2022,12/24/2025,pzmmhrosjmqjmrcajtifvkdivyxdpnyafqoxqjmnal,945.08,true
140558,10/24/2025,8/9/2022,myaldblbockcgemvkuisubkdopgykqmdjtxecphitl,9884.69,true
102848,1/30/2021,3/23/2025,bgvxkdflvspjxxkfxrenzudfyzpeorziffijcsgkuc,16946.14,true
228077,4/10/2021,4/24/2022,xcjaxghjqtgtwowlxxufypfpfzjvankzlyqhfyqzyy,13431.59,true
278604,2/7/2024,2/14/2025,bjebkogzznibqlhzdlnkfwxcmzomhfhgbegixxvgpj,8604.2,true
131351,9/2/2020,8/31/2025,prvrgfglgbzzkkzkztftjjadjmxesaaenfkdvllvpu,9287.81,true
293546,8/9/2023,12/16/2023,cghodkzxqphmzynnwcexxfqgszwovfepumwxlqbwce,8702.49,false
132400,12/10/2019,6/7/2022,sdvgcdfnzppjztfcypfjjhdwfkkeihbwihrdomxohh,14898.45,false
228287,2/6/2021,6/2/2025,pdqujuduqgbbwrxuobsfjwtchbjmizxsayprleqzrb,3615.98,true
212692,10/4/2022,1/24/2024,zskoysltnoxulxoznrfihnfnjiihfkgdmxuahagagn,17362.51,false
268476,7/15/2022,7/12/2025,nnbrhogyiiusfpqewjzlsqfhpgjxsdnxojiopwffyk,15033.02,false
112869,6/17/2020,11/24/2023,uxgxnevmabppmomwypgjkvvrqoywcpsdqlhjgfzczj,19877.68,false
188872,11/22/2020,5/16/2024,snbkuadhwdnkwnsczjmmznsgikngpdgmqavnvfrnwb,18930.31,true
141767,8/18/2021,7/20/2024,pomnsjmgnenqtklfydcpdphyccfjuewsshdyutawux,7256.26,true
79717,1/24/2022,10/14/2024,zvnrhfoznsztkxcyovdurbhgytnifmisntogqmnshc,6739.33,true
106234,8/30/2021,3/23/2025,zwyvajztcvyuawpcgawoepmehkvexfagfocppnsjqw,19402.27,false
264249,12/2/2020,4/10/2022,ettgfblrzbrszdapkpuszjatxodmmsplodqndjuapi,15102.65,true
299686,9/25/2023,7/4/2025,bgqrrtyrfteiucdbyzbregfgrxmbrvnkfosrpcznuu,18965.49,false
34364,6/18/2025,2/2/2026,wprkdhpekhpucbnpmocaotomchvwtvhynaizabtvog,9579.01,false
178768,7/21/2023,1/21/2026,lqmpwmjfploklhhjstjfhnbhvtnfzvaxajuhldgbfq,3915.99,false
287762,4/23/2023,8/2/2025,dvcogwqrchtljyhabetsethmdghxbprhmtfqmuvruo,13833.74,true
281151,4/15/2023,7/6/2025,zogehkzpngshvkipuzzymqmzjulquvliiilhhuemff,12754.87,true
243336,4/28/2022,2/6/2025,ikrifxvsfcmfjcfqqioheaaxymnwjdlilnokluakdr,18564.86,true
193689,1/7/2025,8/24/2022,qjjtetyrbkfttnkobzazpftcquktsgkmwqydazzqdt,11582.31,false
182876,4/28/2024,3/17/2024,ephzloozomvoiaeiwaontcbvnpblidvrgriddewmdk,2553.07,true
11151,11/7/2023,7/5/2022,obhopwxqxgtgyrxqxbwxtmmjsmlxzsvhnhbsgqzsex,14496.33,true
226320,4/26/2020,2/21/2024,eizfrhdcvbacqgsxyugyxfakkbxbfdfihdoyomtood,12106.3,true
28437,5/2/2021,6/7/2023,hnorujykzpoqrjijxzdsuccajrkxutwmuqxuntqcbr,2141.18,false
211623,12/5/2025,5/13/2024,psewawvqulbgktmblsdbihpcerdzlkcmcdtsixacuw,14233.03,false
60889,9/4/2019,2/7/2025,xdmuwgihsnlpyosjahaydnvhuiqvjcbvqgyhmdqcyt,19895.84,false
201796,4/13/2020,5/23/2024,ffnitkzlzraljxznufdlluipyusmktvlhyfdzmvaua,7249.08,false
129848,3/20/2025,2/4/2025,dbzyvbvnispyyylrvvxawiwgxvgvairvcvrcdyawff,9501.73,false
126935,1/27/2026,2/6/2025,fcpjljkfgfdnwjyoxprzxlfduifdodchqeylzdojxe,4196.42,true
195711,12/24/2021,11/19/2023,kbdjneuzsphgzsaptddffnqbyligpaekyehuzwilxq,9641.63,false
218535,11/21/2021,2/16/2024,boqitzthlujiyazhamehqjfukjiaoneyiupneelnfu,7098.82,false
171504,2/7/2022,6/26/2022,ojzwuhyinsifruskojvucuczhpxczcrveqicjwvaqh,1727.66,false
7056,10/18/2022,4/21/2023,almutgekshjbvyyppxtkfwseoeeeyvwbskxwtznuhm,15547.78,true
47722,11/7/2020,8/5/2023,tbftmfhnlwglhwhwcjxcnbmjoakopybvuftlfmojpc,1467.41,false
211564,9/16/2021,9/20/2023,ddbonpiimowdvgeojmzfoctugujmljzdecfpvumhju,17440.89,true
240121,7/22/2023,4/30/2025,hneotgyrzkqkxedpsvwkihadixkgpgqwaucaefkcyt,18838.02,false
48016,11/29/2024,11/6/2025,nacumttsyfjrzrdicrejliqebvtsddaeqbyljmnuvt,8315.41,true
196957,6/20/2024,11/9/2022,ynoeetwmhdhccbbutxpwjaptdsbdqisdjfbhetufkh,8715.62,false
88463,4/1/2024,2/4/2024,gaeapffudwggwsuxmihfngowclreqwtscatgymbhgo,5539.46,true
57215,10/17/2019,8/13/2025,ryfqdquxlhuqhrvdkbxtcnvebmiarkmmrvnyrwvcrn,7146.18,true
58406,8/2/2024,6/16/2023,wqsprnlduznujnizklnhackugiofkuueznpydmgfns,13955.53,true
83116,4/5/2022,10/11/2024,qlrixzyqwmpnbqjyvpzvyakzgjgcjhfayoxkgejsed,17595.41,true
661,7/26/2024,4/11/2024,enfndjrhuxeduzlcimnyqtkmhzeeqettukwynavxko,19217.38,true
214991,12/10/2025,12/13/2024,prqqnimgqgbcfeyfvmylalykruqilgzyyvouveknca,14795.59,false
3412,9/29/2020,7/5/2024,ncfvrxqigjiuqnxsjzoodzvdvivssttztqbvedhqtq,1305.42,true
44519,7/22/2025,10/18/2024,rlmxfryvvbqsqasilfkmtrfuxzfdtumurmxhlfvuwc,14111.23,true
299049,9/5/2020,3/13/2025,rtlefszgtmlqlvprxtpfiqsdcgbiahrvjbmuqfdlvp,1366.13,true
263006,8/24/2025,7/21/2022,utqcmfmwhobyosscmgxicbteujcscknsmkvpvdkbdo,8174.16,true
43077,1/18/2021,1/14/2025,nolsccsvbubuqhmoptkuwiparqzamuzdjctivirykf,10065.02,true
258171,8/10/2021,6/7/2022,zftfkreuirtfbpdhhnulnnmrkqevgyhhwhmcfqlynx,17855.47,true
92288,3/31/2025,8/24/2025,zdhrrjczjrojfdeybdmrgnvxzvaqhwmfupxhsuneqs,4817.91,false
249604,3/20/2022,8/18/2023,khlpiawpkxsclhxdatxqrzmqvsksygubcnouppfnks,14340.2,true
39890,7/14/2021,2/20/2025,zzpnfvzatwuogpxartyrohhuzxbpylrtpwlzjlkgji,7942.81,true
213048,4/18/2024,8/10/2025,qiieuvoxqjvqbvzqkpjqcispnlqsoythtlfqopazbj,12910.54,false
40870,4/25/2023,9/11/2023,nqsvbpujynbyqdkbqrzxfapvffonpljqhsmpwsvyzk,9379.45,true
218296,1/17/2023,5/6/2023,draqxklrgljeswfiodcbqwgpqpyfgmkgcqztfjtfki,18875.02,false
179555,5/8/2024,3/15/2024,qafrmdgzmndhhpbvogetolbkkiclyqlrhhjbohkssl,11071.34,true
229959,11/22/2019,8/23/2022,dzlnqvhtaisigrymhlsmmvqczgzsgbtujwvayqstzp,18573.82,true
190978,9/4/2019,8/19/2024,eiitmnpxieqqdioewnfwcpoujoostgclnqqsnqujfu,3520.29,false
150603,8/14/2020,8/23/2023,utyvoaeezdbdmqteenlxlzcwnwbneihiurieteoyhd,13041.46,true
75688,1/25/2026,8/15/2024,kpmpwjhiycohhdtlxmkekxgazwsaaiyrhpwlxthslv,19144.22,true
271425,4/25/2020,1/17/2025,qliwmiwwtmftculyorfydlwvenkjuzchzjvarzmmrn,13973.09,true
149964,4/10/2020,3/19/2025,nmdhhashzrfzqsojgklhwpufsndkdlgzrxrnlbuiif,19633.27,false
266554,5/19/2021,1/30/2024,xyibcepeyzoknjbkdzysgmgmusdbpdcgnedkmllexh,2246.89,true
220311,4/21/2021,11/19/2025,eawyqqplopcxvqfufqkxwgnysqupumskelyygsbxoq,11206.92,true
299416,6/25/2020,7/23/2022,dtmmtuofrnvrortaqdgxqqyjwqrahrzgnysjaxtjbg,4830.91,true
215190,12/5/2023,5/30/2023,iepfntigerkjytfwwrxmftwvavyfunqtzkgxmszowd,12737.07,true
223488,9/26/2025,8/29/2024,dysgkurhtoriucuglfvcfsvossuihofexzzjkwakpx,11611.62,false
277442,3/26/2023,12/26/2024,dtmaoirjxefllwogpkfdevcvanqwoygkcujpqkfanp,11742.06,false
109629,1/25/2023,11/7/2023,akkxjivwznzaynhydabcasrcyyijunlwwzqizwifnb,6604.95,false
150177,1/4/2021,6/21/2024,pnvxndlrhevnleyuwvdzujyxbjpwcgifwugebjbtvr,5622.31,false
40550,7/31/2023,3/20/2023,pdjavyuseicvigkkrwnybicjdtuuiahiyssmyuxltn,16275.0,false
33360,5/11/2021,8/12/2024,akapsolrknmlnfuvqzaxktcqqxxdvkdqaozoynrtol,9815.32,true
247983,11/6/2019,6/9/2025,gbgclmawvdvavkkefivwmtclwwuukeiaigbrkdcycn,1723.2,true
229923,2/5/2021,9/1/2025,xbqnyhylqdpozluskxfplzailqxvagwujndvlsoljh,10758.44,true
176126,5/26/2024,12/26/2023,pypjnmgbtpuaiepnlkyutgxeqpzpacypmftnjtmizh,4539.0,false
9496,9/19/2023,1/29/2023,uavnxlbuzlizlkjvgraynfudhqinsmynzlfxefhgzs,5792.11,false
101787,3/5/2020,7/31/2023,szqchyehaaiikrlwfohbcxstgjdpftwodywznnerww,5016.39,true
53237,6/7/2020,7/4/2023,bhadvybrtwbaddfnzxcyfyodvijakxwwqjeijskzxh,1687.5,false
93690,12/28/2020,9/23/2025,catwlgjuikpaknvfanzwwvadppyejeaqfyipolkrwq,2337.03,false
66039,4/1/2022,6/12/2023,albtxmxkzwthjiwkbfugbyuqbcjabqkfpqbrhmauvd,17706.15,true
57263,3/31/2024,4/8/2024,tgmeposmouikpfochjzqucmfytwlkhpzardjhijkic,14937.72,true
268293,2/14/2022,2/15/2026,bjxdafpojomnfbepapbpqgmnwwretcqkuhkfbkcxep,11633.17,true
244478,12/20/2022,8/22/2023,jpngcrqixtqmbchdmjqoxblufpvtcxfjemhehworyd,8372.77,true
104731,3/22/2023,9/30/2024,moatahygjtfdiqwdbgafvqgdxxyjinjzrqvbnpjxkv,15723.76,false
285371,5/7/2023,9/2/2024,wcbnxaaxshsqgpensaadewvrqnqdbcuoacvgxkljlo,19220.58,false
5120,6/1/2023,6/5/2024,vpaomjkqdwwqlftsvzdrhttofzesgklxwmsyfftjtm,19083.62,false
193440,8/10/2024,3/19/2022,stipgcajqvkjnyybanzopexwltripvjgwvxltmmngu,14612.95,true
91406,12/4/2024,2/26/2023,rotycxoyqmuspulahycfulmkjdmikwfadwoicrvina,19265.21,true
189153,3/24/2020,7/13/2022,fuuesrzwoqcmtswmmxcndhhhmblkpryhikhwfajqvl,16622.12,true
201492,3/28/2025,3/29/2025,muuuuerfkxouucjqrodmawijvkqunleaddepoyavtg,17376.55,false
61652,11/23/2022,6/30/2025,waxtcxhchkvgxvxnribhikmrzandtmnlhszkmfjhzv,15369.79,true
4939,3/31/2021,9/27/2022,trqfuoavqrzrceixbdhguyfhynlywjonwcghdossnz,3290.44,false
201691,5/31/2020,6/2/2022,ejlzdxsbznowziqevlfzmjaaauicxyskrlhotrhgjz,3131.76,true
197632,3/3/2021,11/26/2025,hollyccyunzzyupbfxilbrmrliydlzytkmkvstuuif,19847.95,true
103465,8/28/2019,1/6/2026,lgtdmvheqfuxiuxafbxirtthoycsyednogryqjqvew,13838.88,false
281067,8/12/2023,12/3/2024,zrfmcnengvqbgnqbfelkhxnszjyevpdkhztctmlrkj,8484.37,false
277511,11/4/2023,2/19/2025,upvhpwkywkeqykzpfxnokakdyztephwzanzdfpehcl,17526.35,false
27911,8/18/2022,2/20/2025,rbcmhhhywpdwkehaubmkuqcogzifzlolmvrpbllfhr,4010.28,true
268690,10/15/2024,10/10/2025,qhfxovidglherkinokmrbxugzrcewvkcohsyvhoadi,2957.76,false
33707,12/2/2024,8/15/2022,mmyxwkfeedtuuihjeiaquxqhfnjxvutgzzkqhaznve,4648.93,false
78689,2/17/2022,11/6/2025,hscdhfaejucwvteijravyggrrftwrkeqgscgptxjew,14970.92,false
20345,11/20/2023,2/15/2023,ubyaljxsswfpeonorsmtdzelqbmifeqjomejrgaabr,18235.61,true
198630,5/15/2023,2/13/2025,igtodkttlmlkufnwwodkxxudgzsdrjhcaaigamgjxj,6101.15,true
221263,9/13/2022,3/6/2025,rviyrulbwalfuljiybxveropbysvtyqgeoxmlqdtuq,9061.9,false
119516,1/24/2021,6/5/2023,ueekawrviaiaxwpevxzoocqnxjrkpeseykbqdjdtlm,11319.71,true
52612,1/8/2022,12/8/2024,bulfpqpdatqknspljgrydfupiglblgittbhpbnzxtk,17394.33,true
39386,11/5/2022,10/15/2024,ozhzxaykakemnhpjpshehlkuntbsdbwmhgqmhpotlt,18654.96,true
85854,7/1/2022,9/21/2023,bwssdkrhojmznduvlfisaomrwqyakjolqjwsibfwnp,3180.27,false
188798,4/16/2022,8/24/2022,rvzgclxhyxgetgdkebhrroalqnalycqqdxrcnoyolj,15247.44,false
78263,11/30/2021,10/29/2024,xscxyxbtizhjsyguzcdsklzfivuxgnxjpmkredoegg,7677.17,false
137204,2/28/2021,6/4/2023,ajmsenjxwjtgmrppypfpfasgmmnzpvirdqflfqaztg,4047.89,true
174369,1/7/2023,9/11/2025,vfznyaoedjlnfyyqbbsicvrqwezzetkgtczmdxbubp,17220.99,false
243189,11/28/2024,6/9/2022,ljotmchrowcbvpueeqmofmkvifkooaidtmzmkmuitf,19913.87,false
5970,2/14/2023,3/10/2023,tzaqmlinktunfsjdyladxiuphctccbofrllgdebapf,17003.32,true
250113,10/25/2024,2/5/2026,vzmgfehhovcrfnegsczvtpfyyacatnyjjxgiwwgmuj,4646.18,true
114119,9/6/2019,3/2/2026,mvidltgzjnpnrvfzustcaytdhqrmnzbqjofonehffe,11884.69,false
162275,9/18/2020,11/13/2023,xntlrxyskdizddlfmaxphuwesxogdaeqruscqqzqdw,6531.84,true
166867,9/16/2020,4/23/2025,uywdqsrbppgjdseopnckcyfqluilqjrvmyzsdfirym,10248.77,false
131225,10/19/2023,12/2/2024,jbhqusjlrzztdwkpplgduigmrpztcproofcjexginf,17548.02,true
33511,1/31/2025,4/2/2024,xwvackpabrffqlaomwlsdoaktoczucnckvdtwjitwk,2575.15,false
14801,5/1/2020,8/22/2023,wrbzyconyxtlyvwmmwnddsensdzloncvgejxpkvmep,3039.07,false
224796,10/12/2020,12/11/2024,emxpiwozkqnkxrgdslujpazlbsgsmfsgayboshfxvf,6664.59,true
73858,12/19/2020,7/23/2025,imphvoxguatswmvwbzipnvmsnvbjfqydhoqxhbgfjo,4702.16,false
42633,5/5/2023,1/30/2024,ukfhknduregiugoeknlcqqageukouiwuxxypfxxfqd,13854.58,true
186324,8/15/2020,11/18/2025,apyegieheqezbvbmwqmjkxrtkmbjqbmrwzxnrdqfsm,17206.67,false
282228,4/24/2024,1/10/2024,vpwlcfdnkjivtaqnycqpjkafhjehnibmlhqzsougax,10194.65,true
233881,6/21/2023,7/10/2022,uyihdajqfybufjklckfnuprewpngberyetralbbnrt,15751.39,true
20859,2/21/2020,12/24/2023,kneegfoeehjmvywpxokuhufooeynhodqjljoeuuiei,5045.88,true
121277,7/7/2021,12/29/2023,njyyknioydbevklzmclbjjuqbglgzseuwqtaxdfqtf,13027.08,false
72152,10/16/2023,9/4/2024,lbqymtlucpkzlnnddsipagdwmbywhrdpibllmtyrhq,18611.93,false
37866,4/10/2025,8/12/2022,esctozebdjzoxlwizxhqnvybqpspyhwkqlrsoaanbq,2033.44,false
51139,1/8/2022,6/24/2025,afjuvkcfusitbrkvgsqzazifdsqrswdphrdjzkrekz,18098.09,false
171590,1/18/2020,3/30/2024,tggrpwmetinkcvzvdihwkhhppgkouayaqovsvlipff,17197.35,false
72334,8/23/2020,11/19/2024,psaglsgaavfgyffyopnaisouxilpixlkdtgdsimqrb,2336.92,false
239625,5/6/2022,6/19/2024,dneszawujmlchumbefwftlrcgascstwzkxjhckwytp,7312.96,false
79577,7/10/2021,11/26/2025,gwroxavhdeebdeioobbxnwqquthalevmklpudnfjko,1023.35,true
193885,7/6/2025,10/12/2024,joomhzneooxcghizksswuvhbvbdiqkyddynnyufqqd,12178.65,true
175908,1/23/2024,2/4/2023,nxpnsbifhghktxrxdgwpvdeqmesqktryjmmdzrwhda,15241.82,true
178538,5/3/2020,1/27/2023,aqnbvmllhmkvukrlzntquyzedenlzoankwimybrehn,7742.78,true
54172,1/20/2026,8/18/2024,tlxeibecfvqewozdulwlefqhiivdwqbgrlvldhwvzg,18225.16,true
163,9/10/2021,5/3/2022,lfvmbgpbcmagcaaiovnshgwasvhktgcpwngiidlndi,12283.42,false
210649,12/27/2021,8/11/2025,wyqbmubaqessmsprlxovvyizpgklrafhslmubmbvfn,14675.67,false
99025,12/4/2019,6/29/2024,mylzqpasiqxbqimjnefdqafnwcxrjjuoxbfvsrtjjv,9939.77,true
95868,5/6/2023,12/14/2025,mdkkvdwjefoqupzruxvmudlbogjtxcwxhsawreywfd,18053.79,true
62032,12/16/2023,7/10/2022,byutvtyirqnvvwtxiqgmrvayoeptmbgwlpqhnixqpj,15107.21,false
12717,6/8/2025,5/11/2024,iongjhpgcrbbslrimyxczqnwmhetlrvmnhhckulkdq,6775.21,true
147576,9/9/2023,11/25/2023,rimtiegpwfhjebmkqfoimlpibgeqqhiglzxwnpldpn,8448.79,false
268442,10/9/2024,3/14/2022,ugutwvybqvbkevwzjgwvqqdclnqxlumwgvdotsevyh,9410.52,true
109717,9/2/2022,8/31/2022,fcbuiwnkpvlbauztkipgpucnubtiqmasdckdyzyaxl,19620.66,false
229705,2/28/2022,6/10/2025,gilmxqjdwdpfsugwrzcjuofltftnawypdtfmdbhysl,8915.81,false
280705,4/26/2025,11/6/2022,omgbxrkeaigjwualvklenwwqddzjgmkfyjjudmmuqn,7282.34,true
108270,9/24/2021,12/12/2024,rntmxbotnrszwyblgrilsryqzkodtpinfmgvaaciqz,18842.65,true
181466,4/20/2023,3/12/2022,dinmkxctxzatxkyxnpkkkujnsuertmdtaoovehcqoc,19930.79,false
295062,2/17/2024,1/16/2023,olvqafnfruwzqvsqcjxyzkjchcpzaidwewuuseghfn,9369.23,true
261220,6/8/2022,5/12/2024,guvegxjjzfcdjghqradygwwxazxxuuemixjftlzjuq,400.44,false
176123,11/8/2023,8/18/2023,bceeoefzmkxhtocigkenexyamtdvzzptgdduezobad,3350.33,true
151218,7/23/2023,12/23/2025,uzcmpdmcmtaiojudcrilyuoufgqesadzlyujsniczk,11453.16,true
76228,10/10/2021,6/8/2024,jsztkdizufedpbrhvvnxlmefeafiemajglkppldkgf,8875.24,true
128205,9/15/2022,8/18/2024,wnlurbxbadvpsohnkxynxqwpzecgwbkslhvmnpkklm,2520.53,true
218941,2/4/2026,5/9/2024,qvcslluwphijvvpqhnygxvtbntqddvewykpyllzhtl,10344.61,false
289059,3/16/2020,2/9/2025,myerxmkoexqsyslincooekfllmftcshvwwoanxjbfd,333.63,false
104064,12/8/2021,2/2/2024,hfihjovzwkinptbuwqdbiyeqhsbhaegjkoskvdeugw,3340.52,true
134299,11/10/2023,9/1/2024,havcjngielkpqbcdmmiydumlyineklycvhernyojyh,6497.24,true
154241,3/6/2022,1/31/2023,kjvwvfwxtoesvymnfpqpomydwgshcxwjwnhptrmqzb,4107.58,true
257465,10/10/2025,4/18/2025,znmxlebgfuxpfojbjxljakbjdpwlfepzmrrrwzoioo,19800.19,false
259176,9/5/2025,10/9/2023,kvbqjxngeuopjspofsvjztwauxmwfrugqorsffzthm,4508.57,true
244437,9/21/2025,3/21/2025,vpczgqaiqhjpsjlnobhzwtqjjunvfcldmlbqcusqso,108.29,false
96661,3/5/2021,6/1/2024,tnxuzssdakesmtxdhmgieowobhpcyjkoljtbtpvlzw,7025.85,true
13880,2/14/2022,1/18/2026,zvfgstdfvuuzacmfntdgmacsaskrdsospgcbkqftdv,17035.25,false
143576,5/28/2024,8/27/2022,qbzzfonjcncfxmppsxjclzeknbhqgxymyznrbowbdb,3899.08,false
33370,8/13/2024,2/21/2024,thuwenrvjggdzjnyewfbehigvdwrxnghzypmnexlgy,820.31,false
171010,6/20/2024,6/10/2025,sncuvwglioftwwlqnejapbgfltvikajkgzkgdvaqut,16803.78,false
285495,1/16/2023,9/17/2023,lvohxqokovnhaorhugqchwrbujkidiyoihvfepdodn,15894.6,false
263924,9/11/2020,6/14/2023,kssysgxawjienaqivbxpwxkzgjsphwmcejlputkdna,5663.86,false
29981,9/28/2021,3/30/2024,mjlebagqnqcskkpvdgqjebnllrkbvdawtcyeqnclvo,1577.59,true
161601,3/19/2024,1/21/2026,fbxhzpbdsjmllawufpkzzwewjmyjbbpqkdpiilxgez,1871.14,true
29259,10/3/2020,8/17/2023,xvofkyvkvszltdwwqgqevjwnehfpfdxlsgnhogliys,19431.89,false
74793,11/1/2023,1/25/2023,cczaqofhuoyonfkurxutpitnviszrldxhwaoxshgdt,6979.36,false
125441,11/25/2025,2/11/2024,bghyoqhwveofrfcfetcselcykzppsfhfxmwejqvuxy,17007.88,false
54062,2/27/2026,9/24/2024,eaqtmcpxvdgnqvbbrtovpkgchnduaecmjsxxssinpy,19517.2,false
211681,8/2/2024,5/28/2025,uhfbfzfdxhciyfdhfebimgpjbpswpntnkdrymfdzgb,6751.27,true
94061,6/19/2025,9/27/2023,zjenaguvhtvujquiiuuvrohjumpsfprcracsutacvn,15622.45,false
223385,12/17/2024,5/25/2025,epvhqikemsjylkevdtvoqdfbflqvjwunmjwgcuwcmv,17079.86,true
136609,1/21/2020,9/19/2024,pucdhrrhfhagpulctrzsunlpebchbbddshakitnpll,19835.61,true
68350,6/27/2020,10/13/2025,firukljmhjcmtsukrnixkmarxalsxzqjvssexetjnb,11214.57,false
185612,1/3/2021,1/25/2025,khltzhsjbuulhwprbzhlxvmapdqreajxpdsajkbyyy,12329.04,true
146713,6/7/2021,12/22/2024,xcsdtukfqvsocrvxtyvilhclfdmwasztsxlxwghcwc,19366.05,true
113923,2/15/2022,12/31/2025,hvwdqviefkimgpitybhkytccpzizrbholpprevobav,6083.89,true
46771,5/23/2021,1/7/2023,vqsrawuwfymhhhogvtnkvqwbnyxmxxkmdjujrapuoy,18229.09,true
220725,1/10/2025,4/20/2022,xaqpcczougoykoennpftgutndfccdecnkagrtygnuv,4441.17,true
297753,6/26/2024,5/27/2023,lmepugwrlfvusahlfugzfdwatuhfurezfjfelfpbsn,15860.61,true
292365,2/6/2021,10/21/2025,gxghxczjjyflpoksvtshoyryisoieeuiesdyryrill,44.25,true
197203,3/30/2024,4/1/2025,bpbwminhvoxznzfmfrgishtvakfsmrccvxfmlfxboc,1054.09,true
70883,1/13/2023,11/8/2025,uxffxrrzngkydienwizjspeuvftrdmknbunkcojrad,19258.36,true
62640,1/8/2025,7/15/2022,cijrlvbmgibhjbyhteaidrsfgkqjlnppqbbuvkzlkg,16791.03,false
157898,4/30/2021,10/20/2023,bvqsjdxgmivdswgxoyhsnfyhtnjkjcywyovnqbxben,16541.95,false
188699,1/29/2020,4/3/2023,zbaopbigttjpithcixuvgjcpvogeehiucsjbtxnvcr,13512.62,true
181334,4/4/2023,5/18/2025,evnsinbkkjmwsgtwufafzdpgqasblmnjpegvwkhwrs,9259.02,false
33237,11/5/2024,6/10/2024,bxszblzqdjrsfranmvzignmajztvkuhgmycezazhvf,9314.68,false
132338,8/4/2025,1/12/2026,vftbldmbvbmcrkruqpmppqpeysxchbtrahrchkgctf,6009.43,false
168548,8/31/2019,2/3/2023,cjplzhxmbcyrsvrzdkjosnnpleowrvtjbaaxquptjl,17778.28,false
281299,9/16/2021,6/7/2023,pmdjwytzhzoeteulyrniqqpawxnymfoijhadbkwntp,16032.17,true
164339,6/18/2020,7/28/2025,hbhrjjzglgreneslsqcsfwuhsipuswvywlqscbtgym,6627.93,true
186166,11/20/2020,8/22/2024,iqtufgimlajunqnlafsuutkoeulyrojeejkgsnzosz,12061.64,true
290579,2/20/2021,2/3/2023,oncqbwypoxnkcglhsfnbkvmdqnqdmbntkislcxpxrc,19263.13,false
155006,9/11/2019,12/21/2022,lvmlqvhljvoklfnfgyfpiybuczhvuyfkkuqzmgznyy,2190.51,false
265082,7/1/2020,7/1/2023,pbycgfaerosbzarshapiiivvxdmowbzjrhyssftccl,16267.17,false
2559,1/20/2023,3/21/2024,jxfzoezvaggwbkovqxzevxmkoczvtypohoucggzyyh,8564.22,true
63648,8/3/2024,3/19/2022,imrpmolxkjdfvfitwmflsjwpxntqeekadsfublxijk,14204.86,false
293815,3/28/2020,7/6/2022,sdabkzxjgqrhffvppuqcsxuxsomokpyxxsgrndtqpo,9943.81,true
157088,3/23/2021,12/14/2022,qxxzobmflyuzzfizcdlzydycnbczvosknoclbounbl,3876.46,false
39023,12/8/2021,4/21/2022,wuvwmeusqimwbatjiuqwkfjxxpsjseveqdhbzdckev,5072.97,false
30321,4/5/2024,8/29/2024,hgioiqjjbkxyctmrbtkyjlmvfkdlqbykffoenmxitu,16426.81,false
158345,6/6/2020,11/12/2022,wqhhdiicxagddgdvhqhmoauowfpbcjtfuoynumcvvm,5494.43,false
134772,9/3/2023,6/1/2025,mllpcwovmqcndfrkmazadkhhfycfxvtjxkexzkixrc,7705.99,false
190366,4/29/2022,10/3/2025,uoocgdveajjrwgxvzlimszrlixnntznpzghnqrdfzv,7095.13,false
95739,3/26/2021,9/24/2022,zgeuchpnehsgxhjtumtacdyqnnbqowyupyexjrznmd,6921.78,false
113621,7/10/2021,8/1/2025,rghawyzpsaebnvlqnjmmhffemupdvnbwbkrphnzknv,15881.62,true
142991,6/7/2024,12/28/2022,olyqhrqymtxijzffxqvyslpdvihsomaxjsrpjfcbxn,9600.62,false
173616,10/24/2021,12/2/2022,aamveadnatwmgqejffpdqqqhdekaczynhpuomzadzh,5511.71,false
44595,11/4/2022,8/21/2025,kurexwgrdpykouyiydzkawglvcjmpiruzhbbzhtuqv,13482.24,true
1086,3/6/2023,9/21/2023,qdhtallducthiqkpprqtkuormhzgpucpzvmgrbizxp,5896.45,false
43811,11/4/2023,3/2/2025,cwywrsmpfesunousgpgpshuybqygcwhtuvfudaxyow,17949.04,true
39995,12/24/2022,11/14/2025,zwmfagovwpreeertyzhfxxmfnctvyxyrprduepwdch,8185.06,false
181427,8/2/2025,8/5/2024,bfvyoujckltlidehwpotnfhlqanfyxrgpihxzorohq,16803.71,true
76282,6/30/2021,10/19/2025,hxqpcmytyxrbaoghtxilczbdnjfqgddepmrgkhoimp,4575.86,true
146981,11/11/2021,11/8/2024,ctopzgygeydmzeccrtdrweaqqxhrjkxtbydjgapnkr,15231.79,true
81407,9/2/2022,10/1/2025,ofbcldpjgwpspncczbwaqevvuywmxcxghwnxbsdtir,6267.63,false
102352,9/11/2025,8/5/2023,ragivwggwxvdyfkhuktgabrxiveydvyngwiwvwmovm,15520.93,true
286516,5/12/2021,1/4/2024,ivekrlkcecrpfoiodvcdxoavxewkdqcffwlwcmjeyl,15384.71,false
32910,10/28/2022,12/24/2024,cohdsixbkjpxbwacsxbwxaatzlsweofjceujxuqazw,967.42,true
237477,9/13/2025,6/4/2022,lbwbmbkhppoytxfwrhjlvbmufkgmlfhoengofgoyov,5679.15,false
2408,4/2/2021,12/7/2023,nueawoisrmdmjyadeqwqnizvfoymjdlkekcntxyynj,9003.4,false
58335,8/24/2019,1/6/2025,xdiyndzxytedgecssbjgmsiafjdlayzhyueokzvsap,45.03,true
204064,1/15/2023,3/18/2024,peuptukunxmcqnjznokpzsathwehwxmzmzykntixya,13927.51,true
207941,10/15/2021,2/1/2024,fbdmgitwgmionaolxtsmaotjcvyuozxkajtxjqhiul,18343.19,false
218572,12/2/2020,7/7/2024,laxuzdaqgphmozwbosjmrhrlmnboibgdefuillfzgt,4657.99,false
179925,8/19/2021,7/31/2023,yeiztbwquvgkobpvblomobkqfqtillfpagaigjymtc,17748.34,false
229854,6/19/2023,7/10/2024,bqzxgrixgspdbpqnfpqvnuquvyxzbkppfbxuwhltzv,442.7,false
24594,11/9/2021,5/16/2024,ikobfiamfetcbpyzrnxstfdcrlupxlzjzpshzpevva,16091.56,false
185455,7/23/2021,5/18/2022,elryuutqkqwbukxrkzasgqszssnakmziwukwlhgzjj,1891.53,true
117951,4/13/2024,1/28/2026,cucedwxamiiizlrxncjhnvavhnvgondgvyzhodyozg,16760.94,false
243474,2/25/2023,7/5/2024,fxfqcwgwgqlmixdfbuclshdtkllucmbdvomgbvnjhd,6839.31,true
60525,1/17/2025,2/9/2025,pljlnddihwdqibhncgzjxosgyotalqjebqcurbwzyn,9540.42,false
196227,9/13/2021,3/20/2022,mcvliddelsxjfmeiqdwfwisosbpcxakuflfuftendp,10121.04,true
294031,1/31/2023,6/28/2023,tbvrkumibdobtlxkukspdtvzncchliltciwuwlnzmb,1285.94,true
280224,10/14/2020,2/10/2024,vxmhmlhfvmigltxwwstybxirfnatcymfqmdextaobk,5594.85,false
209720,4/28/2025,1/17/2025,thfrkuqyquugmlaybzagiutgqwgdjrcvfecyvskybl,16902.56,false
183191,4/1/2022,5/29/2023,vlwpxgrllrwinwwrgmxmgblyvghrabvtgomkhfmwhx,10386.31,true
125622,9/30/2020,10/27/2024,asrxpymidvyeqvrdsbuyopdhwhgthkjnvbgeohixpw,7925.5,false
198459,4/26/2024,11/29/2022,sxbscijwlwtnyltxdabvyovxcyvftwfcbfyqpphldj,13537.53,false
52808,1/1/2024,8/20/2024,ppksmigvmpdeadrppieumzlokdwaduoqpolxlpyqhr,14980.01,true
20950,4/20/2022,5/30/2024,brcyzdiksqzxuhtwvazoeykhbqaqxjysycjtbizdmd,19987.7,true
275110,2/1/2022,8/25/2024,qgqfnxfstwxouwosoyejdsgpnbujigukwucpxphnod,16252.8,true
265093,6/27/2020,12/23/2024,pebimeadnuainxjhsxocsqqsikufqkdyrgrnmlfyqj,5448.47,false
71432,5/11/2020,7/7/2022,xunjsifkeofdosvmrhqsuhyogpibfinmoqhqxitgxt,13110.04,true
22221,6/15/2021,10/8/2022,uqifdjjdphgphbourfkkmgbxkdnasccqnsucguykph,6063.97,false
161114,4/23/2024,10/17/2024,xlpzkrlsxmkdcdiknlcpcssvhixwirqhhubxzvmzcm,11628.63,false
113328,6/19/2024,2/25/2026,dfaqjihurapyvhybzwuchllcgvkqteomtklyhdaqvc,9096.76,false
87435,7/28/2021,7/6/2022,femjskrwvfqhuxihuibrueusmjwdzqpagkghvcmsui,165.69,false
150408,1/9/2021,12/13/2024,pivvmwemdlzkramxlmqsfsblgvslrjjhshulbzgrbp,14250.57,true
74773,10/2/2021,4/3/2024,ujtehfmrlbeiaovuorruljeqldemtcluowwbchbtjq,8602.33,true
208122,10/12/2025,10/28/2022,kdrmkdvmerkgvucxyflamwblviqaeopjvupzvctlum,19111.84,false
203913,5/28/2020,8/15/2024,ppdkwqlpycnvzlxklcktjypswqvpxmnybiecgeryif,16340.28,true
36871,11/8/2022,7/17/2024,djvplysyzoinxthabotexpjbofmpomqdtoldccmzlg,4445.62,false
151924,10/30/2022,9/28/2025,bgxoapsvmvmmhdkwfxgqqquyjcrjzfxzaroafumvys,3176.62,true
228184,12/17/2023,3/6/2025,yfdnlepdtsgqhygawhmrquvcqqyxnfmgeheinxkigx,10061.8,true
211934,10/18/2020,5/22/2024,qhotzrzjpscrmhflpzzbapsbwmhiotyvoheldiwwur,12401.32,false
175686,5/9/2024,5/23/2023,hddmkiaortabiecbqkxxbiegcfogkkbluzrlpeotlq,1651.16,false
238698,2/23/2021,9/5/2023,wvrkvlrlbsklfoxtctsmvbqflqppjcszbqrkkiaxit,15768.24,false
168682,2/22/2025,8/29/2023,wfgexowooxasrcbwmhlootbnadxjiefcfxhhhmlbny,5612.27,true
157063,2/7/2024,9/12/2025,azrjhcznehozmfyfopxrjsleywuglibuxnuqjzblmb,14228.71,true
191218,7/29/2024,1/28/2026,mtbfqbeoqtqzqgydadpvdcpsvfbaqnzrvvepwnhsnk,743.82,false
259394,1/17/2024,7/11/2024,vfvrfunlsvjrdtjbjftqgxiqdxzrmjlcgxnzhkjehj,18661.5,true
240471,12/16/2020,3/21/2025,srnormfhqkohonauqcfkpdylozfztkjgdqscqdfcjh,19269.46,true
38403,9/24/2019,9/3/2024,cctxxeiugvtibpcckyufkwxpjqxvnrdcntodqigbty,4248.66,true
101761,4/6/2024,4/5/2023,gurhkoreujzmrioingvljakpolktzfgiojxsmpijua,18361.58,true
166782,5/15/2020,9/12/2024,oakyjltmvwywnprvteahztwthfafqciewahhiokkzm,5631.17,false
105280,12/15/2024,3/17/2022,dcgwfnceamczczdzokabhyphwjeoihhmnxvdncywjf,3466.55,true
150076,9/12/2025,12/11/2024,zisfxcrpqiyyfshhunciqugeotzzidhgldafdjlmnd,15940.96,false
199288,11/16/2023,4/30/2024,jhinnzwpmylueudtdopcmtnonfzuavonaiqspfmagz,11547.87,true
187693,12/10/2020,10/2/2025,hqqdcvxdrfdzogztrwsyqnnlivgpmaxzlyzwgdijrv,4400.26,true
202992,5/10/2025,4/29/2023,lbogglobclbcznaubvpgagmrpcqjnyikdramelyuiz,18876.77,false
1474,12/24/2022,10/27/2023,lgdalsrhwrilwnezyqfxmusvqundnxvimkmalkrnga,7932.06,false
97680,7/26/2021,5/9/2025,avaatzjultuetaoawqacqtvmkbflggcsvyvkpvgfji,12087.65,false
186814,8/8/2025,4/28/2022,aninqqowrrwmezmjlxmifqbeiwnlypxszlnpvgmrhr,13186.17,true
23007,10/12/2020,1/23/2026,qwgurokpgeujizklqannbqxiypzkhgdqjstgivrgdm,392.31,true
224301,4/2/2020,9/11/2025,mkcxixhtubajjsbtzfstuwnoutwffktcnnyfeentnc,10114.03,false
115337,12/19/2023,11/1/2025,bjpfeojynvlujmmolivzxzpgxhqubyjpjderbncfur,10057.38,true
228748,7/16/2023,6/15/2024,qikvgshgzexniubhntwunncfqifsfztcrxajgsqbao,12029.55,true
19879,1/9/2022,3/5/2025,qziczszzmreqclvtchhjxgtcvppdliewcfrraejnjk,13767.36,false
211663,12/12/2024,11/27/2023,alinihqzatwsyehjcfsslkgfbhnpqziyjogbhreksy,4743.27,true
1682,1/6/2020,7/13/2024,whxgyfzximnnjbatcwhcwfssanqymjrvhbirjdtdue,5846.69,true
44599,2/23/2022,1/14/2025,kouxcrgfevxygwobmxdbqlgzfzzwjuxrcjgdarzcze,7556.54,false
113769,11/17/2025,8/4/2024,cvrwqwibpwsabardnescbljrrunxhedbretvbvghgk,11458.38,false
96530,6/27/2024,12/12/2025,pbxznixifxrmncpxdvwrqciaxebxsxezjigitrmvol,1193.3,false
280138,9/29/2023,7/4/2025,vtuezvxwhjnvghhdmfwrankxdezopycgouwwzcodjo,14315.98,true
192278,11/24/2024,3/16/2025,llpjoldyxjrpgnbaxrdbebrqzxydiifljybmtqdxbn,4621.46,false
153336,5/10/2025,12/24/2024,jqvzxuqecrvsawxmsfgddgvabbcznqdvppjxaccqij,17637.33,false
48940,11/7/2025,9/30/2024,dgyyzgzxevqelegznpnjxcmyqxyfesmeyavtacmmis,2092.35,false
40125,11/27/2021,9/20/2024,ivurhwccbupjwrwmyjlbkunuaiapwydmvzhvjhmdqg,19985.57,true
53224,1/4/2023,11/3/2023,amwqqtgcxvkuobckuojbkgcerokvjtvojvkxqufyqo,15167.62,true
77615,11/27/2022,7/26/2025,fmzxjpvstgrdpksiqxsxzpcwxueentfhyllklkprux,14298.97,false
167578,1/13/2020,8/26/2023,whjusenbbtqvnyhlodlgmmxfdqxokvixccghzhufck,1669.29,false
175904,2/1/2024,1/21/2025,zvvihzswgovcdpvahixwclqxtzohrojqrdimgmjtfq,12796.51,false
61806,12/28/2024,1/2/2025,oytlrdtybmokzqjppkfwesvnlbuvndtorihsejhcts,8366.54,true
24492,3/7/2025,5/21/2024,mdxjfzcqznlymgofepincsffetobhkdlpbtzopmlkt,17196.96,true
221479,12/25/2024,10/15/2024,gfaarlqbnaikvumejdtzqmntxibbbfmsmxxprwrxso,4559.04,true
7232,12/15/2019,9/12/2024,vaoidyphlofyicbsamumxogpbxtzfnyclkczazxgxc,13345.11,true
292047,12/5/2024,1/26/2024,zurqqiddepwhboejchajclzryfxnhbxxiosmwtidhr,16042.11,false
280769,7/27/2025,7/6/2022,afcffqhsnihjjfdvmaronagcjfagxrynlejvxmnzsa,323.52,false
139558,11/15/2025,10/22/2022,plecyuvfblliwxehhiswjbnvhqyopmspwixgdopekc,9386.07,true
191194,3/15/2022,8/26/2023,lzmdyhurezrwpyuuhbkfzfdnhzogamcdoiheficftm,8577.42,true
10804,11/19/2025,4/21/2024,dbsmtyftlslcvuplehlasihovghtbxowczgkjvhgjy,5075.3,true
81380,10/8/2021,4/22/2025,abdivjydloeprafgxvfbipascuigrjysftoeuexczy,18205.1,true
281923,11/30/2024,7/4/2022,eulzhtlvcgudwzwzngwnlxtlaovsamyqeuncznlmia,10400.03,false
202163,3/22/2021,9/16/2025,ktvacbhhrzqqniecpzksvdrcymrdkpddlnpwxlxmcv,18015.59,false
173105,4/17/2025,4/30/2024,mdvqolzrfwayriiylpummajmbvezppvbvjffvfjbfo,17412.78,false
116699,7/25/2023,4/11/2024,dgkfpzvdrmtknaiegnhsugptsonqppjwvwucqsenqv,16486.04,true
70843,3/2/2026,7/10/2025,tsbsiunlsuivrsakreuxdjtbhxinzgxpcclbtyyyxn,8983.96,false
87052,5/10/2025,1/30/2026,awsxdxgdhymfxzqvduyrdwnevfjkwgfxhnqiplshaz,790.06,false
107345,12/13/2019,8/27/2025,egkqojnlqzszjppihqasuthqepqwajqlkewodiokqf,188.61,true
168716,9/4/2021,11/15/2024,uaoeargsvlhugidprpzuoacshusjkuitrsnzxvjqvt,5164.85,false
199062,10/15/2024,12/21/2023,owgoerlhvzfyrbsxzviqgnxtqksgoadgwtfooctnln,1571.06,false
61065,2/22/2020,10/18/2025,xbdasnaglarjdldlqscbpiucxjzaarvbbtptecclhj,10064.34,true
58029,9/18/2025,5/2/2024,oujjklmpeekhutruufqyzxfnufxqdfhatqmbmsiznt,2075.97,true
153252,9/7/2025,11/25/2023,mujnjwjceasqeoxthosksesrqqgtmnoqjjnanckjvk,5937.87,true
83113,2/24/2025,8/19/2022,ewjbinhriystajupdlqocnpfywljfaasxogbjkqajl,17267.98,false
118911,3/31/2022,4/26/2024,rgjkmekujcizbuticrvaergicgbmlamqfhbkgljcih,14711.48,true
3537,9/14/2024,1/12/2025,npkzvuhoolfznsboyexkqtjcleqqakauisnbbzubie,19547.2,true
247964,9/27/2021,10/29/2024,hydmhrvuknwxjspggbcqudzepwzltgjjnihphsnena,6195.63,false
298933,6/24/2020,2/20/2026,mthisqdkmmrhfwymtpsgxrwvtwngwgipboqvghpgtr,13279.91,false
229597,12/13/2022,2/15/2025,ilslhyoblzugntspgwpaxucmbjexqugppypjvjwjxo,4468.53,false
103005,8/17/2023,2/28/2025,dcqdhxysdjgdzcquqjrbwzdlmqizrbhqgctxeujaaz,9384.4,true
211094,5/8/2024,12/15/2024,nfvlgeymtcjrijzktaqzhhrgascdvnqsyggmdhtsbl,8554.06,true
151642,7/27/2022,10/15/2024,svcddgkydfkoefdnbnssogiuorrdtvnjmquhyhkjon,19365.39,false
43283,10/25/2025,2/14/2025,nomyvwgxfbwoxaxcqsjmazhbawcrntrxmfztotwavi,9389.53,false
100133,9/1/2022,10/8/2023,ggghoatlufwkcbdagdvghjzmcwwrghwrfyrhckjmfu,14797.8,false
221112,9/7/2022,9/3/2025,oojbevvcyiepwezraucxjygvfukylbezvfirpbrybt,19885.12,false
150194,12/31/2019,11/9/2024,lxgrherrsbwlmcuyzmsxfjxgobwuksvxmaszqrrovw,8461.02,true
50256,10/9/2021,9/4/2025,lxijtodamcwqeabbcoxhlazqubpuucwitpzvvvdlao,2352.19,false
280474,2/10/2021,3/2/2023,ctbbbroamjmpujlqmmgxfidnkbxzwyzpjpgyumwsww,9923.59,true
92884,10/17/2024,2/19/2023,aldbwnrdjsmjunndnmjkeaomcskgvudaxnqhnhmpqt,18694.73,true
43844,5/28/2021,6/23/2023,mihceewkjpeaeczridfbobiibgfrsfrryduhksobzi,18790.25,false
6594,4/16/2024,1/21/2025,uuxqzyxrqoihwiwsktgjgbmtxanoypnnyaltkmjhes,5779.39,true
87400,7/7/2025,4/26/2022,laxstiaehqdkwidnxmepznhyelsprvacuadqiluisz,14147.28,false
44552,2/1/2026,3/16/2022,krlomlqwbfxanrkmdnxpobxgrtmdsyllpoowcyirdq,326.79,false
81722,4/19/2025,11/13/2025,owsktunowtyykkdvarcoomgqhftqlwobktsnossuqb,7085.13,false
201972,4/2/2023,6/30/2022,izonfefkvnusoeertyymklrwovlxtfbyptnryrmdwj,4123.67,true
48113,11/15/2023,8/24/2024,yxxafpinsfojbctenhtjpzfdpouibixbwtjyfqtrdj,2556.93,true
27376,12/23/2022,7/17/2022,wkwdselmkfebtmnjbunigmhvqpugsvwsrsenbrxpet,9687.64,true
171729,12/10/2019,7/19/2023,iyipgmegfoybpcqzyzdifijesgywxccpfsuevvbqhf,10850.95,true
56950,11/15/2020,8/28/2024,qxfsxnhxpnuzmpmtxhglzgslbvcsrfsxzeklwdbgea,13852.63,false
195533,7/14/2023,12/29/2022,pvvkriwuyqwuqdthanymkgvlvklldcyerwbdehiabv,13977.87,false
124174,10/28/2023,9/26/2024,zwevyjsjmavmnzubmgevmcbfjohvrmbzrxrlzwgcyz,1855.97,true
22439,8/27/2022,12/17/2024,xvepmspfkfirboquwpfrjiwobxbhboqntlbuzylknj,14630.15,false
44722,5/20/2021,10/15/2022,pribjubbmnhezdxjzgkqaqnuokohwwwywodgrkuiqd,4891.19,true
45487,5/19/2020,6/24/2023,xvkfyfnlrtijklicwfgakltukkaupudjsuxudmekle,18522.47,false
14779,4/21/2020,1/29/2026,vwwokgltmclqgarxepvwqfrdqyuagrmxdzpwyoqghv,10762.82,true
14682,9/27/2022,2/27/2026,esuaftcihvltoueyshajanjxlxybvsvgdmusqijcsz,19696.4,true
258137,5/15/2021,6/3/2022,lvrtdkktrpdpqpfcpghdenweremxzckmiirvfsanml,2523.67,true
259266,4/7/2025,3/3/2025,wobkbnsnmdhlrviocjgmbvvfkzpzmsltzijiefkglu,8381.04,true
282888,5/6/2020,2/17/2023,vijffjbpwcywniflmxiekqpvhmsdltxmhlupjzhdom,111.12,false
229449,10/14/2024,2/9/2025,xnerdnppndjsxxrnijtwjkkekireqxuwkvcavvlcoz,18166.54,true
285756,8/8/2020,11/11/2024,tlgcypedyajzxapdkwvilazztrdrglzlgqezwttxuz,1339.96,false
22262,4/24/2024,9/8/2022,qmzgrilxtslagiwlvyrkucytboqbiydzeqxmggrjlj,9373.76,true
28782,3/12/2022,4/29/2025,ssmgouzjzcslbjjkbqdshauiampfwtgkymlnxoilra,14953.76,false
105102,5/25/2021,4/13/2024,vihderamfccvwehqvqvjhbdtruehtbpoarizboqhnc,12567.81,true
28818,5/28/2025,12/25/2022,hobpyvlclyxcmmuumnygiyamtephqpkekckvdayynq,18800.13,false
206294,2/24/2025,7/11/2023,yoiubthaldaxqdgvtasmyydgkdyhwrqbubvublyaza,9491.68,false
246141,7/13/2023,6/20/2025,mdanaafpfdjdntiqzhklxbrgqbfwyvzhjwinagqcqe,8236.86,true
252348,9/12/2023,4/6/2024,otytmrrqghjhisnvltfmwvpbcnzvqcnjirnfpnsxuo,17717.92,false
228060,3/19/2020,9/4/2024,wznzyillznxhwbjuslljwmcyemsmbhiwewbsqmbyiy,2736.27,false
89052,3/26/2025,2/5/2025,cdkmfwspaobarudpagxdsnocjwtdhurypjagacyxsq,5297.54,true
23475,3/11/2021,6/17/2024,kxkeifqnyszywmkitdymdgvkiabllibgqstyrhuxds,16610.03,false
299038,4/3/2020,4/6/2024,afkxcaddbsviirqlwyycokphicneirwvxtfkddcoyv,9379.74,false
297132,8/14/2023,9/13/2025,yoodwwwdumgnhbdlzzaffooreswcofgersyrnedfyd,17500.04,false
132049,2/1/2022,10/26/2022,iufxkrfehxepakdzseufdfvrucnpduwyrvvnavghnz,12330.54,false
47986,3/14/2022,5/31/2022,owawtopgixlprzbehboocvewdztzcxhitiirswflab,2071.73,false
124929,7/1/2021,11/12/2022,xbhhjlpoxerjstndfypscukeqevgmfojumxcedwpkg,3800.11,false
56969,11/1/2019,12/14/2025,ravfptlnvxccvkvekjtktowtsrrfxfzrdmiokcxdem,9250.57,false
145119,3/1/2020,8/22/2025,fwuqcwzkkyvfyczceetepukhjlmldapurlceumaxwn,19578.13,false
253857,10/11/2022,9/2/2025,qxfhesairyjdlgrwaojipiwqxnmzwzessrajreqpzz,15769.66,true
195516,5/30/2022,5/18/2022,esxlxexjypcwmtrrawlpgszwrstyygqosicuctrksk,18376.15,false
143710,7/15/2025,4/22/2022,wkbtohaibmoovtvsohcysfbcwfmoroghfgojwtpwpf,1899.1,false
72388,10/22/2019,5/30/2022,urbwdhdbpddxcfxmuhxlxctkgigzszfkknwkfgsnbu,7716.45,true
13277,10/10/2025,12/21/2023,rmgxjqaeyblnjibxdrfcwsafihirhqturulhvnyrcv,6941.93,false
128662,7/9/2020,1/2/2025,qfzetiivigswzcauapqoxsvsothmgycwjhbxnskjoz,3961.11,true
144168,3/24/2024,9/12/2022,dxnkbhtdsztprjdtfghczkvtafvezytzpxgxvaodkg,10395.77,false
111053,1/29/2023,5/21/2025,xayzeqpamzvudvjqmmguwzesruyvdropmlimecuhut,9451.97,true
68736,11/19/2025,12/6/2024,hffheclamkdsoltfrrwizfugqkrsjatgpefxxplpbn,16293.02,false
101729,5/7/2022,7/13/2025,aozbxbkkymtcrzatmomxawzpasmcndbqpbiiipxnaq,19608.67,false
123045,3/30/2024,10/11/2022,pbuxrxctkdafsnkogkjenrjaximatcuzhohallpfty,7777.45,true
140634,7/8/2020,12/23/2024,oskxlnkidbzgrdykxilirtdlklkntooizbqgfoypfa,11582.39,false
129923,8/2/2022,5/16/2023,pttevlviimlerrgoljqvgkmfkuiygsfpltrrpgslbz,18783.95,true
130140,9/25/2020,3/12/2024,nxaxowrgoseakkxmdqmvgsyfjfqtvfcigjqycgikso,15050.2,true
127498,7/12/2020,1/29/2025,wuplhlooaflihyhiyzfobpfnmjputqsigboldqcrro,4023.08,false
2963,4/22/2021,11/15/2023,bxfmbqeldsllvzxbzjklragxtulrbgitkdjkxmsfwy,16358.33,true
232842,5/6/2021,7/4/2025,vwbrurkfmkugmcfvjqjpxnqnfdvwxibufpypuxirvt,5208.85,true
187312,11/14/2021,10/30/2025,aecvjowaiqnjkodmdleyvvtnyodnojfvkeahuqkxxw,17780.95,true
71998,9/14/2025,8/14/2022,vtjalfathwoyyvdzbxhwwvbxoibiwcrldykaexnubp,82.17,true
156631,9/15/2020,9/18/2025,znsrzhjnlkreleohgnregagqkymjojipkytbepacln,719.77,true
37971,10/3/2020,11/16/2024,shyhhxnkdkhqwludmvqluijlyzzklkynaxeucklhpe,13700.71,false
275017,9/15/2020,4/9/2022,sffetbwsrklofvmiougcvondrodpcrymhdwrioewnm,13455.01,false
188624,8/6/2022,8/31/2024,shxljptxvhbhwdwbarirzdeeijubzalvmxritpwelq,736.09,true
120884,10/13/2022,1/5/2023,thxtxpepwpsyyzqthngsmbrfommzqzrmjcvuiwkkiv,3785.74,true
235780,9/7/2025,9/6/2023,lgzxumiiwcvuxsjbqgyjtjslijfpomexctjmkktewx,18631.34,false
172116,8/1/2022,2/24/2026,cfmksxpjcggpkgufxezojzcepnrgmgooiumanbzhax,1675.03,true
104154,1/31/2021,1/4/2025,eewsxtpiayofluiilfclvyewhbjzvijluofohozqjp,14507.75,true
18001,9/13/2021,12/27/2024,moxkhigwttfqknfmckrzjhognrxpjyyhwitgkupbyk,5750.36,false
294906,9/7/2023,7/28/2023,cuuafkkevwmmabjdynkovqywyewyuqsxqhvafgtsfl,3803.88,false
179617,10/31/2019,10/13/2023,kvtpjheitxlazyxabziiavvojpmowkckzphbmgbrjh,661.23,true
15661,9/26/2021,1/13/2026,xtfqclsnvqrohzehsbdwncpfnuwiirpockrpmjmbuk,920.48,true
81051,4/29/2024,2/6/2023,hjscongphkomlretloykkeforugdzhfadysgqkzmid,9497.83,true
163733,8/24/2025,9/25/2023,pxymprwjinbtytffhkdudgmsmjwucpmwpotvmeaxfw,10853.21,false
19986,6/16/2024,3/14/2024,xshojmnbpplqqwycfknujsxklebingplkklkceeniw,9558.54,true
57845,1/9/2020,7/5/2022,htcoemofwapifjkljbjqsaxmyebrkxlwwcuituhzci,19380.97,false
172877,6/30/2022,6/22/2022,rfgcshddpqhlnzxsetjdqbsvxhouhvypyvfagoejog,70.04,true
14440,7/14/2023,3/20/2024,lkwekhucrqbjwwtkiowtpnmdvvnxwrospjvtpbkimn,17047.65,true
177969,11/14/2024,7/24/2025,cjhlkaavwwctjmbfxrxrubeejthvngialphukwbnbj,14562.53,true
282922,1/28/2023,12/4/2022,mqbetxvymkuohhgsgvmyzxkghzynagmncmhwjidrva,15183.27,false
88457,11/3/2019,5/15/2023,rtefrsgoamwicengjrjcukrudmchyfcuywzpcbplnv,7277.04,true
237046,8/12/2023,6/27/2024,rsefhcooiviwvotfhqyshmztlhuozpkvmzmeucoopf,4872.66,true
112683,1/8/2023,8/10/2022,gajudkjxwrghdxmevtimofjznxxvrlamxjqiwqcvby,17844.88,false
267949,10/18/2024,9/30/2023,zaxguqwbuodlyilihkstxxdkeatnptmdyauvkgmhwb,17686.18,true
163020,3/18/2024,12/16/2022,mmievmxybodsxhahoiwlxnkhgdbghsdtqgblvkulms,18899.49,false
1032,8/3/2024,6/7/2023,febziaurdgmwflpnoqoquvrrmcdaldzgqcnagplebj,6600.43,true
138088,5/6/2021,3/15/2022,hzztmvtggutrsvptggwazyqsjqfhorpqanzfeweuyc,5707.49,false
18868,2/23/2026,5/8/2024,fudmrxjtlcadsdaknjywlbuvfrvfchnswkolswvaiw,15791.3,false
92980,4/10/2022,9/15/2025,uqodgwedbaqefoiuymiguxryoekkqdszxtigxqidzg,17781.8,true
160489,11/27/2022,9/25/2022,chfkicxcvorketkppkrxewcwzxoualgqxsbzqmzzgm,5123.08,true
99783,2/7/2022,11/13/2025,cjghniewevlhejqxtakxeogcmnwvdpbioekliqulec,11785.16,false
89454,9/24/2019,3/12/2024,cppgiqmeqpczxsjyhsxofyloncgdhueueqczsbcsvf,1374.69,true
12119,1/17/2025,12/15/2024,foxscpppunznyqjzcifslfdxajrgdjrogjeggnqtgb,16403.19,true
125724,3/6/2021,4/22/2023,faxzzhynrvoxxmhhhruwtmumotxuptkzvacppopbrr,15887.1,true
285550,4/23/2025,3/27/2022,fzvqqajrhwncayjhienbyatuknmrzvgnfwqvcvwrbj,7846.86,true
177859,5/2/2024,6/8/2022,cnzkgkmjuctxpqiibthxstrrsvwsvqchhrrbqytzdt,11971.43,true
49417,3/6/2022,4/24/2023,daxvmpuylmvnoutpflxefnapugnaodedmlprivjfzd,11350.29,false
52145,2/16/2020,8/15/2022,gpofkmmddghwyqockowswziaiajnuhxzbyxgxvkoda,10336.62,true
243615,1/15/2020,5/24/2022,vnlyqqfbjuhlnrzpvgtjhxkohpjguuwpszeahzqzjr,10069.26,false
114037,10/16/2025,3/2/2026,niobtuhmjukbpsoiucbzsyfwcmekdclofkafbghkrv,16208.77,true
42096,10/30/2022,11/7/2024,lrzrenpysaspfdtmtvarmmnzzbovwjgydrqzfbivsl,3710.33,true
140848,12/11/2021,7/4/2023,qswqyjwedisyurnjytacznoegrqxukicohhntyofta,12688.61,false
187510,4/8/2020,9/14/2025,psjbehkdwkpmxwkamrmukdnzomnvwcwrnwehaslchz,2223.42,false
134831,8/12/2019,9/4/2024,txlcgjgtbwobuvkylmdimxuoiwnbknkonytqewhjwm,14471.62,false
143343,8/23/2025,5/28/2023,fqagwcldctakrupvcyqizelevaoafzvzcnpzoiwtlp,10623.69,false
178991,6/28/2024,3/21/2024,pgrdmfeeehxtioenzuiqcpasedaipgbibgippkmdtj,17068.5,false
285092,1/31/2025,11/30/2022,xrcouniretgediixugfjotbaayraaluvjtaauqmcix,3883.44,false
209834,2/3/2026,7/24/2024,dgteweaxknkxratfxmmfhulvrjxwgamclnuyphebpl,7368.39,false
141385,1/7/2026,11/26/2023,emzumnbbilrcmkeriaxurawywnpcycfjcaxtgauihm,3234.14,false
99219,10/27/2020,8/21/2023,kbjrixychgtzktaqpggyckocionlotbdehoovlzrsy,8283.08,true
181002,5/21/2025,1/28/2024,hqunpcaheuqngpwwjqbrentzsptlpwnwvwsmbqdlwy,7990.3,true
25918,1/25/2025,10/11/2023,ktpzzsjyqkxnkuqampwvrdbccplutpxhdxeqrvjjft,19375.47,false
149157,2/2/2022,6/13/2022,sfbjiddhvzuvqxdtounyasfdjttngobumikyzmgnmp,3064.2,true
242791,3/7/2021,7/24/2023,jydsetlzjsivhiscivlisvfqmwdhdphgxjerxfmcap,2406.95,true
188497,7/17/2022,7/20/2023,hhdnzkoiiqvvnxnaxcvwtfkfswijiytomkijjwkqig,522.89,false
258173,6/5/2022,2/3/2025,ykifafswnjrmdtuywevzatsjvjwvrxzhsccegomqwc,3292.63,true
3468,4/22/2023,12/25/2023,lmxczynkalqyorllhmroolxdrouyvhhgyiuxpddojy,1527.81,true
260654,11/3/2024,7/24/2024,zubepqzceukqsecmuhtqwckvgkgzlhbgnetmqgxtgd,9486.64,true
140610,3/7/2020,9/13/2022,qzrrucsyvndgbglosuyvtiqgrolyzkuzurznpnpywe,6752.3,true
164519,11/8/2019,5/15/2022,czocqvkiiwygpnzzzejdafjxtgqsdotgyohwentmqa,11699.74,false
39044,5/14/2023,10/4/2023,xdhndodxtcbxqiekrxzdqvpuuunanvmwzjhliltwqw,7403.23,false
49324,11/26/2021,5/17/2022,hoofnjlgrglkaulbnljltwnapbegckrmvuqffdmsmb,3533.89,true
90567,5/28/2024,10/6/2023,ukblzejkoprrxtrhnnvqdtvjxqufengyesoygdaiap,15959.38,true
216937,3/29/2021,12/7/2022,mxzuuyxpldyoxcpwdzjwtvgjzeqyvnvnrxqvfdtzdf,9139.39,true
81672,10/26/2023,9/12/2024,idalaquekbuvvjoygflfuttfncrkoysewxicpbhzqz,16781.16,false
63754,8/11/2022,9/5/2023,ffmlcesmuhnbaypexolsvxtbzvmsayvbnghjbxvfqu,17347.02,true
84802,6/10/2025,8/11/2023,cdapakeyyphgvdjrwkwwywyqqvfihgotyjsgsfcnxc,12564.45,true
109270,7/29/2022,7/31/2022,ugfytrhyeeugippxoqmgeqspzjlwhudznomsjnkknp,18256.91,false
107939,9/15/2019,1/3/2025,reylwtpevbppvfufhcobjlpoqvxavzkupcbaywcpls,15183.81,false
189094,2/3/2026,9/29/2023,uqpvsmchmjxvefqucnxwwuqgwzgvuswuckoptznigs,6035.81,false
193637,5/29/2021,1/16/2025,cyopxnqsfevlzhinlwbwpqvyomynaqxdrtxnxuohpv,9069.82,true
204897,7/4/2025,7/11/2025,azwaosshvhrkpxeudwndqqwvaihzftwoedimkwdnwi,2293.92,true
97295,11/24/2024,10/1/2025,ocmdmfiqceqbnruxcuppejykhlycpjuowjuwlgejuv,17020.89,false
200024,8/15/2020,7/26/2023,ffysxjdwgyndpkumwevgdoiawqsfzfgligxwlzhsgm,19664.9,false
53074,1/8/2020,3/21/2025,uqvbciyqiadwwyaqbrbuoimsrmfabjshmxghndzlgl,9302.64,false
104156,2/17/2026,3/21/2025,noqmqvotudosjnvsywvslnrbtpupqvckqtlosyxhiq,13287.7,false
208684,10/24/2019,4/20/2022,lkjwtmyqgwalemnijzemnvnexvtseeyqtmhoxrzfhd,6383.39,false
187722,5/9/2020,4/15/2023,gvepdfjcjxyqvqnqbzcnwkpngyzpgmhgsbucwadbxr,9524.83,true
135771,5/2/2024,10/29/2023,vyineprmiuhhehjjkgjcshpbsgvdnaqdgrhrgjwldw,1662.81,false
8645,12/22/2019,4/23/2022,cbcquafzfiyqeyzuhseiglavitlpyphgzakouyeypr,17220.99,false
31061,6/3/2023,1/12/2024,fquycgeuntphmmuahzwxbjhhhdhnnzwfotqofmbrzf,18774.32,true
290789,4/11/2023,8/3/2023,rhpvejkjwwdbpsqyqegwniwrtrjjdgbnqgsqplnilw,11928.01,true
59674,12/5/2023,10/10/2023,mrmuxmxegmydeskqubzrtqasadqdyupciwqpnzjpvw,1373.33,true
168167,6/25/2022,11/27/2022,rxbfbidukrxlconcmtjvtkmbkdxzkboyabfkavppax,2060.36,false
217255,4/6/2022,12/22/2023,tdmwlaqryaxfjazaphxyalaklbqftaxebzwtepvlce,15100.32,true
8069,5/23/2021,5/12/2025,hgxzcmcaugevsctbrmmuqelmannitfvqvhmfdyuqlz,2251.8,true
101963,7/13/2021,12/21/2022,wtxzbwjnpcucwbuhpswittufkkfyirizlrrbbyxxop,9976.72,true
95448,12/21/2020,6/23/2023,rnczsosryifdltpwapheoyormsshxpbvgdlldzterv,8511.47,false
166369,11/26/2023,11/14/2022,lgduuxagxqorwbpvvsyiqlicyxczbhvovmeqevcmee,6043.57,false
145746,8/11/2021,1/4/2023,jkcmivenyksonfqhkfpiixytntaofclhuemcpdcpcj,8865.1,false
165462,10/22/2021,5/17/2023,pwhkqxgnibdeherhegslixbpenachgcxdazhrfbnqx,12907.22,false
40403,8/21/2023,4/14/2024,gwitvkceitfyznmkcbdspfduapjcphyqiwdhbbpdsl,8018.95,false
153676,2/26/2020,1/3/2024,htxgjbvrubukykzmdsoznvbyovnvtshfyhwsutugdb,11100.42,true
10620,6/3/2023,7/17/2022,piidcnbtncyfednsmhbqwpeuscjxrdsqgldeqzekjm,6424.38,true
252687,11/13/2023,8/18/2024,vmmetfjzrkcfpyiausmdvryumbsaszcegamdeacznr,12979.76,false
16491,11/8/2020,12/4/2024,mosdqnxyaxyhehhqclinjatbvnfmhloilnhmaxgumq,15714.68,true
67613,11/23/2025,11/18/2022,zrbkjlcpgkievpnelzgvkpuxeenxklbydyycwsoehz,16494.85,false
290207,4/28/2022,9/26/2025,sopgqdnygmhdngdlgioqngvsztwjmuuexzvpijbsgr,6537.0,true
143499,12/7/2022,12/31/2025,fzgqnxffsagrqmstrafelgibqwbwlwulqwjrrvbgdk,16101.12,false
152203,2/1/2025,1/8/2024,wmzxfrxevqhuxadelfyiwnfkxorbmapotfvbwskofc,13133.36,false
221725,1/25/2020,12/19/2024,oammeijwyfpgyyueufyfhcfdyvmcasjhzcaneohiso,1084.99,false
93235,10/7/2023,11/21/2022,wwuuzgaxmybhmjlsytclawszwaqxiytaafukmwbadr,12879.9,true
218064,7/1/2025,2/27/2024,lurwbqfrdsmacvktdafgrnyekljssrwhabjhbqemch,494.53,true
98283,5/28/2022,6/3/2024,bflgiywwvidpeydrddsxirxythcibaclifttyxhzgh,5611.62,true
119446,8/31/2019,5/14/2024,zxvdxphwryuxajwnjstunvllqrvygtoshswoeyazcw,13092.21,true
80773,2/3/2024,8/11/2025,lhsjcngqnllsfjcezwezhsauqappvxexjuzczgksdv,12120.83,false
272624,8/25/2021,8/15/2024,gcfpddmynhvwauoftvmgheffuilzekccttcsmgaqsj,6970.43,false
101629,9/8/2019,11/5/2022,upglhkygqzjndhdkstglucfqbhiywzcruevltwvzvd,6610.53,true
274849,5/17/2025,5/8/2022,tesjyvljehmbdnogmqmokayfwnwquffneowstqzwqn,5342.31,false
261443,3/13/2025,1/16/2024,nbcpasmuttcpubpygjgekvfqjeseumdlydioetdscn,16317.11,true
276534,2/5/2025,8/14/2023,oubewnzyvmhkzkdccpsjokvzyowugipwxgcfclltsy,2815.51,true
152168,11/29/2021,3/31/2024,uljeebhoejaokbxwbrmvxepznekkjhjipkhcjipiov,7430.7,true
288310,7/29/2021,6/10/2023,wvrhfelcdyntbpaiyuvdpmttwckopiuvoanhrlkkgy,15637.55,true
162324,12/18/2019,9/11/2022,slrbvupwprubdnejbyitjieymxnbohnvxwhxxadvzz,15759.5,true
72523,1/22/2020,2/22/2024,darxvyfygmoqqnermodemrhjkxooabpysanlyeijmt,14704.48,true
129584,10/10/2024,1/30/2025,wwjduvprlxqjfaswmdesdxrlccajdipavjdpreghwn,13081.4,true
123210,9/27/2021,12/8/2025,znpalqfwvxvkrgxnupigpadhjmttnfbygjpxpxcrsj,8000.56,false
278232,12/9/2025,8/12/2025,fwwzkyxdgbmnwazmtkccfstiydsfxgnwraqqroural,3629.45,true
81831,12/10/2020,1/26/2026,ywhdqdnreiwvkfryrwfnduujbeilbhfkjmpuhnfyjt,3643.23,false
55949,2/23/2024,2/23/2026,cgcnhvfhqifockfmnjsdgnxnmzsfmmnsuxscufmwlj,17264.69,true
261385,1/7/2024,5/13/2024,pbunspokingqfzfaqnravigdtwkmhdtmvavdytebob,15171.74,false
137290,8/16/2023,8/26/2022,gmckfixzmmpetensblxozfiygrtqvldnhqnilkzwij,16670.37,true
77239,11/29/2024,7/18/2025,yecayvuncisbjxvjattzodulijuhwxhiqvouzdsrvu,7282.67,true
186219,10/1/2022,12/11/2023,gqbgomwciiqoygniydxkrrzmkxmlzgqopivjcnnzzt,990.72,true
21023,2/3/2023,2/9/2024,yvjbavulhttnlnipnnvmyeydilfdmlyvfznmonvnov,13597.54,true
297403,1/3/2022,12/9/2024,pmqgtldlmplqkgoknyidlxiunaxhstrlpbqntggyhn,13174.35,true
269684,7/17/2020,2/12/2025,bzszqofaiqrwleazqbamngpmkyyczylvcmjfegvvhm,3326.94,true
74483,12/30/2021,4/8/2022,hboilpylwnxdwqdrenjrwmelxciiiscarqpvnpnwil,998.45,false
260693,4/8/2024,9/5/2022,othslrptvcqhpyzxrpgqeesfabspbfrpvogtyhbwxr,4735.69,false
152883,2/7/2023,12/7/2024,dhstgdcjxhlygtskxbdcfaeqrsdcfhwdyjkkkbjazc,14864.74,false
31384,3/17/2020,7/11/2022,fznxtpqwsmtxqwlskbgiuekbufguyudtvjnbmizddj,474.58,false
108268,2/8/2021,6/12/2022,pndygfpsmzqzabxyhinqzzujxcxyrtpwuyrfvtmkgf,8316.01,false
177926,9/14/2023,8/21/2025,ecgdjjlrtujgdgoevpwnxpifsxmkeizvmxvowfpttk,12113.14,true
9166,3/14/2025,5/4/2022,vauremosdodqrdpvarfyjtojwtjvjfkdribtuuxtze,2567.14,true
218101,6/21/2024,7/7/2024,ssosnenhtjuyibeesdishvmtqehnuddbhsfpmqiond,13613.92,true
147523,3/23/2022,1/13/2023,gnlyjwotfmyhamzudmeammnrvhpvxmkzpzqdnghnjz,428.1,false
85580,8/30/2020,7/26/2022,gpwjzjdzkfzcmapksnxcmbrksxbwngryqyqiyenufj,13079.62,true
2804,5/28/2021,11/21/2025,mesyknnayqoxnafhzwzlbpqfrtlffipnhvajmqylwu,13551.06,false
122194,10/6/2021,3/25/2025,eqdlfwiaktcxysotwkehdctcynzkonkspwnahwprnl,16460.65,true
237329,7/7/2024,5/8/2024,elapgkwtgiwfeypoiyhqxgsjskjzgfylzqvujrlmtn,8370.86,true
214292,1/30/2023,6/26/2024,rbucmauokgrcwlelhtknewitlxokgesovhnwxryvaz,13990.78,false
5638,10/20/2023,2/12/2025,ygvjhzbxmxzvhqfrinyblvagwhmkpqcbpxdumfpmrn,17434.85,true
145597,1/28/2026,9/8/2022,banenwvjjkvryaszlzjrptjvidqdtlsqmcyyklvisx,5703.94,false
46326,8/3/2025,5/1/2023,mdxltxmydlnbvdvijelcthmqomvfmvkywycmqunrls,15854.28,false
219047,3/30/2023,6/15/2023,qxhrqabmrcurjcpeciiawruzacexbicblbzjrorpve,3721.0,false
231420,9/6/2020,11/16/2024,ntntvznfngxfrsgrwkeoifjwmzrqyuvcwgdtvzhgsh,15632.57,true
143664,7/23/2022,2/6/2025,oxopwmzwhpngikkczalvjqpoxybzecbjmkzdozpchx,17959.7,true
290000,4/10/2025,7/31/2022,jopyjmnpgomduackfmjfwhtdxlnzfvsmceqmqexqxw,11833.57,true
206533,5/19/2022,7/24/2025,yibtpanlejkwfurllzfxnsplhmagzlfowpfbzgrlpq,9882.99,false
128098,6/17/2023,4/18/2023,vrkvnohdlletqtilzopuiwazvodsasjbyvrwkdjwcf,5610.67,false
249753,12/25/2025,10/4/2022,qvpnvpchjfjfkvjscrauuqenmrkwftsdapiuiefoeb,13442.44,false
272440,10/18/2021,8/18/2022,zavnbwmufryuqijyicelvgtddzmvadnugqbfmauhwc,15243.2,true
252286,9/18/2021,10/30/2023,awhpmqwovkqwimpjgcinmzbpwspydtmqchwldizplp,7245.45,false
150241,4/10/2020,2/27/2024,bzqofwivkpekkykuokodzntgcyowksvyoqmurkxhme,19736.37,false
108141,12/3/2022,6/17/2024,yxusuylrogahycpulqmzhzxrqyznealzipzuhydkme,8346.24,false
102016,7/25/2024,5/29/2023,bbgklkqwyoolmouptqaevwlhifogbmyvuzzrccxuos,6549.66,false
242738,8/25/2023,3/28/2024,xizytqctattltxaundiwmsumcbfuhijsacpzncmtqk,8439.65,true
